,제목,저자,링크,페이지
0,불변의 법칙,모건 하우절 저/이수경 역,https://www.yes24.com/Product/Goods/124999476,1
1,일류의 조건,사이토 다카시 저/정현 역,https://www.yes24.com/Product/Goods/125491624,1
2,나를 소모하지 않는 현명한 태도에 관하여,마티아스 뇔케 저/이미옥 역,https://www.yes24.com/Product/Goods/125295101,1
3,패밀리 레스토랑 가자. 上,와야마 야마 글그림/현승희 역,https://www.yes24.com/Product/Goods/125692983,1
4,나는 메트로폴리탄 미술관의 경비원입니다,"패트릭 브링리 저/김희정, 조현주 역",https://www.yes24.com/Product/Goods/123675187,1
5,세이노의 가르침,세이노(SayNo) 저,https://www.yes24.com/Product/Goods/117014613,1
6,마흔에 읽는 쇼펜하우어,강용수 저,https://www.yes24.com/Product/Goods/122120495,1
7,삼체 1~3 세트,"류츠신 저/이현아, 허유영 역",https://www.yes24.com/Product/Goods/90926731,1
8,알사탕 제조법,백희나 저,https://www.yes24.com/Product/Goods/125558276,1
9,이처럼 사소한 것들,클레어 키건 저/홍한별 역,https://www.yes24.com/Product/Goods/123400303,1
10,ETS 토익 정기시험 기출문제집 1000 Vol. 4 RC,ETS 저,https://www.yes24.com/Product/Goods/124043812,1
11,"꽃길이 따로 있나, 내 삶이 꽃인 것을",오평선 저,https://www.yes24.com/Product/Goods/125576919,1
12,깨진 틈이 있어야 그 사이로 빛이 들어온다,프리드리히 니체 저/김신종 역,https://www.yes24.com/Product/Goods/125184439,1
13,이은경쌤의 초등어휘일력 365,이은경 저,https://www.yes24.com/Product/Goods/114853233,1
14,ETS 토익 정기시험 기출문제집 1000 Vol. 4 LC,ETS 저,https://www.yes24.com/Product/Goods/124043802,1
15,에그박사 12,에그박사 원저/박송이 글/홍종현 그림/김보숙 감수,https://www.yes24.com/Product/Goods/125752452,1
16,2024 해커스 GSAT 삼성직무적성검사 통합 기본서 최신기출유형+실전모의고사,해커스 취업교육연구소 저,https://www.yes24.com/Product/Goods/124145597,1
17,공부가 설렘이 되는 순간,조승우 저,https://www.yes24.com/Product/Goods/125075376,1
18,찌그러져도 동그라미입니다,김창완 저,https://www.yes24.com/Product/Goods/125384202,1
19,돈의 심리학 (30만 부 기념 스페셜 에디션),모건 하우절 저/이지연 역,https://www.yes24.com/Product/Goods/96547408,1
20,비트코인 폭발적 상승에 올라타라,강환국 저,https://www.yes24.com/Product/Goods/125660642,1
21,기적의 서울대 쌍둥이 공부법,"여호원, 여호용 저",https://www.yes24.com/Product/Goods/125300689,1
22,"2024 큰별쌤 최태성의 별별한국사 한국사능력검정시험 심화(1,2,3급) 상",최태성 저,https://www.yes24.com/Product/Goods/123930880,1
23,2024 제15회 젊은작가상 수상작품집,"김멜라, 공현진, 김기태, 김남숙, 김지연 저 외 2명 정보 더 보기/감추기",https://www.yes24.com/Product/Goods/125709308,1
24,위풍당당 여우 꼬리 5,손원평 글/만물상 그림,https://www.yes24.com/Product/Goods/125691975,2
25,2024 해커스 GSAT 삼성직무적성검사 실전모의고사 10회분,편집부 저,https://www.yes24.com/Product/Goods/124908600,2
26,물질의 세계,에드 콘웨이 저/이종인 역,https://www.yes24.com/Product/Goods/125105639,2
27,혼자일 수 없다면 나아갈 수 없다,프리드리히 니체 저/김욱 편역,https://www.yes24.com/Product/Goods/125285962,2
28,"2024 큰별쌤 최태성의 별별한국사 한국사능력검정시험 심화(1,2,3급) 하",최태성 저,https://www.yes24.com/Product/Goods/123930891,2
29,똑 부러지게 내 생각을 전하는 말하기 연습,임정민 글/히쩌미 그림,https://www.yes24.com/Product/Goods/125028521,2
30,일을 잘 맡기는 기술,모리야 도모타 저/정지영 역,https://www.yes24.com/Product/Goods/125542915,2
31,모순,양귀자 저,https://www.yes24.com/Product/Goods/8759796,2
32,당신의 인생이 왜 힘들지 않아야 한다고 생각하십니까,아르투어 쇼펜하우어 저/김욱 역,https://www.yes24.com/Product/Goods/119562091,2
33,쇼펜하우어 인생수업 : 한 번뿐인 삶 이렇게 살아라,쇼펜하우어 저 / 김지민 편,https://www.yes24.com/Product/Goods/125085536,2
34,흐르는 강물처럼,셸리 리드 저/김보람 역,https://www.yes24.com/Product/Goods/124425384,2
35,도둑맞은 집중력,요한 하리 저/김하현 역,https://www.yes24.com/Product/Goods/118579613,2
36,무례한 친구가 생겼어요,크리스티나 퍼니발 글/케이티 드와이어 그림/이은경 역,https://www.yes24.com/Product/Goods/124988172,2
37,하루 한 장 나의 어휘력을 위한 필사 노트,유선경 저,https://www.yes24.com/Product/Goods/125557465,2
38,뿐이 토핑 이유식,정주희 저/이수진 감수,https://www.yes24.com/Product/Goods/125183742,2
39,처음부터 시작하는 주식투자 단타전략,홍인기 저,https://www.yes24.com/Product/Goods/124112599,2
40,열혈강호 90,전극진 글/양재현 그림,https://www.yes24.com/Product/Goods/125659619,2
41,나는 진짜 돈이 되는 역세권 아파트에 투자한다,박희용(부동산히어로) 저,https://www.yes24.com/Product/Goods/125649377,2
42,오십에 읽는 손자병법,최송목 저,https://www.yes24.com/Product/Goods/125005921,2
43,코스모스,칼 에드워드 세이건 저/홍승수 역,https://www.yes24.com/Product/Goods/2312211,2
44,퓨처 셀프,벤저민 하디 저/최은아 역,https://www.yes24.com/Product/Goods/122090360,2
45,나에게 들려주는 예쁜 말,김종원 글/나래 그림,https://www.yes24.com/Product/Goods/124702605,2
46,아홉 살에 시작하는 똑똑한 초등신문,신효원 저,https://www.yes24.com/Product/Goods/118413014,2
47,나는 나의 스무 살을 가장 존중한다,이하영 저,https://www.yes24.com/Product/Goods/124926484,2
48,꽃이 좋은 사람,에이미 메릭 저/송예슬 역,https://www.yes24.com/Product/Goods/125484022,3
49,맡겨진 소녀,클레어 키건 저/허진 역,https://www.yes24.com/Product/Goods/118569079,3
50,요즘 역사 : 근대,황현필 저,https://www.yes24.com/Product/Goods/125456070,3
51,나는 행복한 푸바오 할부지입니다,강철원 글/류정훈 사진,https://www.yes24.com/Product/Goods/125101034,3
52,10대를 위한 총균쇠 수업,김정진 저,https://www.yes24.com/Product/Goods/121911671,3
53,나는 3학년 2반 7번 애벌레,김원아 글/이주희 그림,https://www.yes24.com/Product/Goods/25283908,3
54,시대예보: 핵개인의 시대,송길영 저,https://www.yes24.com/Product/Goods/122457906,3
55,데일 카네기 인간관계론 (무삭제 완역본),데일 카네기 저/임상훈 역,https://www.yes24.com/Product/Goods/79297023,3
56,샌드랜드 완전판 SAND LAND,"토리야마 아키라 글, 그림",https://www.yes24.com/Product/Goods/125790729,3
57,생각이 너무 많은 어른들을 위한 심리학 (10만부 돌파 기념 스페셜 에디션),김혜남 저,https://www.yes24.com/Product/Goods/122428190,3
58,2024 고시넷 지역농협 6급 NCS 오픈봉투모의고사,고시넷 NCS 연구소 편저,https://www.yes24.com/Product/Goods/125343440,3
59,사람을 안다는 것,데이비드 브룩스 저/이경식 역,https://www.yes24.com/Product/Goods/125668307,3
60,아이는 무엇으로 자라는가,버지니아 사티어 저/강유리 역,https://www.yes24.com/Product/Goods/124702623,3
61,내 마음의 위험한 녀석 9,사쿠라이 노리오 글그림/조원로 역,https://www.yes24.com/Product/Goods/125805012,3
62,해커스 토익 기출 VOCA (보카),David Cho 저,https://www.yes24.com/Product/Goods/67362730,3
63,벚꽃 수영장,신현경 글/노예지 그림,https://www.yes24.com/Product/Goods/125491330,3
64,2024 에듀윌 공인중개사 오시훈 키워드 암기장 부동산공법,오시훈 저,https://www.yes24.com/Product/Goods/125453157,3
65,[예스리커버] 오십에 읽는 주역,강기진 저,https://www.yes24.com/Product/Goods/123126171,3
66,가라오케 가자!,와야마 야마 글그림/현승희 역,https://www.yes24.com/Product/Goods/108803378,3
67,채사장의 지대넓얕 9 : 세계의 탄생,"채사장, 마케마케 글/정용환 그림",https://www.yes24.com/Product/Goods/125326409,3
68,만화 나 혼자만 레벨업 10,추공 원저/장성락(REDICE STUDIO) 글그림,https://www.yes24.com/Product/Goods/125648423,3
69,내 아이를 위한 사교육은 없다,김현주 저,https://www.yes24.com/Product/Goods/125393193,3
70,타키 포오 얼렁뚱땅 상식스쿨 3,캐릭온TV 원저/김언정 글/조수현 그림/정효해 감수,https://www.yes24.com/Product/Goods/125665949,3
71,긴긴밤,루리 글그림,https://www.yes24.com/Product/Goods/97255028,3
