,이름,평점(별),작성시간,내용
0,송원칙,5개,2024년 2월 5일,"굉장히 다양하고 폭넓은 의상과 브랜드, 거기에 세련되고 감각적인 의류들에 지갑을 안열수가 업게 만드네요. 구매할 때 필요한 설명과 조합샷 또한 쇼핑을 재밌고 편하게 해 주네요. 그리고 가장 중요한 할인으로 저렴함까지...! 독한 쇼핑 웹이네요."
1,iny j,2개,2024년 1월 26일,"위시리스트를 더 세부적으로 분류시킨 시도는 좋았지만 오히려 더 찾기어려워지고 찜한 상품이 알맞은곳에 담겨있지도 않습니다 bb, cc크림 항목에 쉐딩제품이 들어가고 컨실러항목에 블러셔가 들어가네요..오히려 보기 힘들고 복잡해졌습니다 뷰티항목에 다시 합쳐주시면 좋겠습니다 위시리스트 폴더가 많아질수록 넘기기도 힘들고 보기 복잡해집니다 전처럼 큼직하게만 분류하는게 좋을 거 같아요..!"
2,눈누,2개,2024년 1월 19일,배송지 변경하려고 비번쳤더니 맞는데 자꾸 오류가 뜸 ㅋㅋ 맞는 비번 다시 적으니 에러라고 뜨고.. 저 옷 어케사란겨.. 비번도 바꿔보고 다했는데 비번 맞으면 에러뜨고 틀린건 틀렸다고 잘 뜸. 이게뭔데요ㅠ 그리고 로딩 너무 심함. 데이터 쓰든 와이파이 쓰든 다음페이지로 넘어갈때 로딩 시간 복불복임 지금 6번째 재설치중임.. ㅋㅋㅋㅋㅋ
3,Google 사용자,4개,2020년 4월 13일,"셀렉트숍 무신사 앱 적립금도 주고 옷을 카테고리별로 볼 수 있어서 정말 인터넷쇼핑을 입문하게 된 계기를 만들어준 앱입니다bb 다만 몇개월 동안 사용하면서 정말 이것만 개선되면 매우 편리해지고 실용성도 높아질 것 같아서 꼭 개선되면 좋겠습니다. 1. 로딩 속도 와이파이 속도에 비해 현저히 느린 감이 아직 있습니다. 로딩 속도 개선 부탁드립니다. 2. 터치 오류 가끔씩 터치하다보면 (아마 기기 오류일수도 있지만) 상세 페이지에서 종종 발생합니다. 터치한 곳에 무관한 창으로 터치가 되는 부분 오류가 발견되면 개선 부탁드려요. 3. 정렬고정 리뷰순, 판매량순 이렇게 정렬순 있잖아요? 근데 이걸 매번 카테고리에 들어갈때마다 이걸 다시 설정하기 좀 번거로움을 느낍니다. 개인별로 고정할 수 있는 정렬순을 만들어주시든지, 마지막 정렬순을 적용한다든지 이것만큼은 꼭 업데이트 되었으면 좋겠습니다. 4. 사이즈 추천 작성(후기) 사이즈 추천중 큼 조금큼 적당함 조금작음 매우작음 이렇게 분류해주십시오"
4,김세호,3개,2023년 5월 21일,1.리프레쉬가 너무 잦아요. 앱이 무거운지 잠깐 다른 앱 들어갔다 나오면 튕깁니다. 삼성 정책의 문제도 있지만 어플 자체에선 개선 방안이 있나 싶어 적습니다. 2.후기에 사진을 못 올려요. 사진 플러스 버튼을 누르면 응용프로그램에서 다시 묻지 않기를 선택하라는데 카메라 권한을 열어줘도 이 팝업이 계속 뜨면서 카메라 어플로 진입이 안됩니다.
5,LUGY,1개,2021년 6월 15일,UI가 점점 불편해지네요 이번 업데이트 이후로 좋아요 버튼이 위로 이동했는데 항상 뜨는건 아니네요? 특정 화면에서만 좋아요 버튼을 뜨게 해서 너무 번거로워졌어요 다른 문제점들은 다른분들 리뷰에 나와있으니 이번 업데이트 이후 불편해지건만 적었습니다. 꼭 잘 가다가 멀쩡한 부분에 손대서 점수가 뚝 떨어지는 어플들이 있더라고요.. 그게 무신사일 줄이야
6,이승원,1개,2021년 4월 7일,"상품 랭킹 전체 들어가면 2페이지,3페이지,연령대,카테고리 등등 눌러도 아무반응이 없네요. 상품을 클릭하면 들어가지고 다른 옵션을 누르면 문제없이 작동합니다. 삭제했다가 다시 설치해도 똑같네요. 저말고 다른사람도 동일한 증상의 리뷰를 봤는데 빨리해결해주세요 이것때문에 무신사 이용을 거의 안하게되네요."
7,이기현,4개,2021년 2월 18일,"너무나 좋으며 완벽한 패션 스토어 어플이라고 생각합니다. 최근까지도 너무너무 잘 활용하고 있습니다. 다만, 최근들어 어플 내에서 로딩시간이 너무 길어졌습니다. 또한, 핸드폰 상단바에 무신사 이벤트 등 소식 알람이 떠서 해당사항을 눌러보면(예: ○○○브랜드 21 S/S 한정발매, 인기상품 재입고 등) 해당 공지 소식으로 이동하지 않고 어플을 가장 최근에 종료했을 때의 화면 그대로 이동합니다(예: 사용자가 컨버스를 보고 있다가 어플을 종료하였습니다. 몇 시간 뒤 상단바에 노출된 아디다스 인기상품 재입고 공지를 누르자 이전에 보고 있던 컨버스 상품 페이지로 이동하였습니다). 이러한 오류들이 2월달 들어 갑자기 많이 발생하는 것 같습니다ㅠㅠ 요것까지 고쳐주신다면 진짜 퍼펙트완벽 어플 그자체"
8,성이름,1개,2021년 7월 4일,"업데이트 됐는데 편리성은 퇴화된 느낌. 이전의 한 눈에 들어오던 랭킹/좋아요 등등의 자주 찾는 기능들이 다 버튼을 몇 번씩 누르고 나서야 볼 수 있게 됨. 그리고 파격쿠폰 주면 뭐하나, 사용할 맘에 드는 제품이 없는데. 그냥 안 팔리는 상품들 더 싸게 사라는건가..? 예전의 무신사가 그립다."
9,김이박최,2개,2023년 8월 14일,인스타에서 역시즌 기획전 광고하길래 보려고 들어가보니 렉이 너무 심해서 구경도 못하고 위쪽 카테고리만 간신히 로딩되고 뒤쪽 액세서리 구경하려고 클릭하면 앱 자체가 마비돼서 나가려고 버튼을 눌러봐도 소용이 없어 앱을 껐다 켜야되네요. 기획전에서 간신히 나가서 검색이나 옷을 둘러보려고하면 무한 로딩이라 그냥 앱을 껐다 켜야 다시 정상작동 하는데 기획전을 보라고 만들어놓은건지 뭔지 모르겠네요..
10,목살,1개,2023년 6월 23일,업데이트 후에 후기 작성이 더 불편해짐 원래 후기 작성에 들어가면 카메라를 실행할지 갤러리를 실행할지 선택할 수 있었는데 갤러리만 선택할 수 있게 되었고 또 선택한 사진을 얼굴이 안 보이게 잘라서 올려야 하는데 앱에서 편집 기능이 없어져서 내가 편집을 해놓은 사진을 올려야 됨 가만히 있는 좋은 기능을 왜 없앤건지 이해불가
11,단하,4개,2021년 2월 27일,• 호감순(하트) 나열도 있으면 좋겠습니다. • 이젠 판매량0짜리 광고상품이 랭킹1위를 하는 정도에 이르렀습니다. 평소에도 랭킹순과 무신사 추천순은 걸렀는데 최근에 스포츠 랭킹 한번 들어갔다가 아쉬움만 느꼈습니다. 항상 애용하고 있습니다. 반영이 안될 수 있겠지만 참고해주시면 감사하겠습니다.
12,제이슨,4개,2020년 10월 6일,우리신사 여러 제품들을 한번에 모아서 옷도 보고 비교해가며 구매할 수 있어서 좋아요! 다만 첫 화면에 바로 구매하는 창이 보이지가 않아서 제가 잘 못찾는 건진 잘 모르겠지만 불편한 사항을 찾으라고하면 이정도인것 같네요. 엄청 불편한건 아니지만 조금 신경은 쓰이는 정도라 개선될수 있으면 좋을것 같습니다~
13,김현도,5개,2022년 7월 14일,[ a5555 ] 편의성 있고 아주 유용하게 사용하고 있습니다. 화면도 깔끔하고 단순해서 거래하기 쉬워서 좋아요. 좋은 옷을 싸게 살 수 있어 좋고 여러가지 패션 의류나 스킨 로션 등 다양하고 질 좋은 제품이 있어 자주 이용하고 있어요! 아이템 구성이 한 눈에 들어와 쇼핑하기에 매우 편리하고 좋습니다. 앞으로 계속해서 이용 할께요~^^ 감사 드립니다
14,wendy -,4개,2023년 4월 15일,스타일 탭에 드디어 하트 기능이 생긴건 너무 좋은데 사진들 후루룩 내려보다가 사진 클릭하고 나오면 보던 위치보다 더 위에가있어서 다시 계속 내려야되는 불편함이 있어요. 그래서 인스타처럼 사진 꾹누르면 사진 크게 보이고 하트 누를 수 있는 기능있으면 훨씬 편리할 것 같아요!!
15,이다희,5개,2022년 12월 30일,"[ zom55 ] 너무나 좋으며 완벽한 패션 스토어 어플이라고 생각합니다. 최근까지도 너무너무 잘 활용하고 있습니다. 다만, 최근들어 어플 내에서 로딩시간이 너무 길어졌습니다. 패션 트레드 성향 및 스타일 제안도 해주어서 내게 맞는 옷선택에 도움을 많이 줘요. 특히, 적립금 및 쿠폰 사용으로 할인도 많이 되고 단 얼마라도 저렴하게 구입할 수 있어요 더 좋은 제품 많이 선보여 주세용. 다른 마켓쇼핑몰에비해 top 이네요^^"
16,오현서,4개,2022년 4월 23일,실측 기능이 좋았어요! 정말 자주 사용하는 앱 입니다🤗앱을 몇 개월간 사용한 유저로서 추가되었으면 하는 기능이 있었어요. 1.후기를 옵션별로 볼 수 있게 -한 상품에도 여러 옵션이 있는데 구매하고 싶은 옵션의 후기만 볼 수 있는 기능이 있었으면 좋겠습니다. 2.후기의 필터를 두가지 이상 선택할 수 있게 -키별 필터와 몸무게별 필터는 선택이 한 개밖에 선택할 수 없는 부분이 아쉬웠습니다.
17,Google 사용자,4개,2020년 1월 20일,"브랜드 폭이 매우 넓고 다양하며 그것의 참여가 용이하고 간단한 이벤트들,데일리 룩 추천,아이템 조합 추천 등 좋은 기능이 있지만 개인적으로는 도매스틱 브랜드를 제외한 브랜드들의 부재 등이 아쉽다. 하지만 패고들의 진입 장벽을 낮춘 점은 높이 평가. (+왜 이름이 '무신사'일까.?)"
18,Google 사용자,2개,2020년 2월 4일,예전에 업데이트를 한 뒤로 뒤로가기가 안되는 오류가 생겼습니다 지금 가장최근버전인데 아직도 해결안됐네요 다른 앱에선 이런현상이 없어 폰문제는 아닌듯합니다 항상 안되는건 아니고 처음에는 되다가 몇군데 왔다갔다 하다보면 갤럭시 화면 하단의 뒤로가기를 눌러도 터치인식은 되는데 뒤로 안 가집니다 화면위에 < 모양의 뒤로가기 버튼을 눌러도 마찬가지구요. 정말 답답한데 해결방법 없나요
19,정은현,1개,2023년 6월 29일,앱 업뎃전에 되던 기능들이 안됩니다. 후기 작성시 카메라가 안되고 바로 갤러리만 열리고 회전 자르기등 편집 기능이 사라졌습니다. 1:1 문의했더니 제폰 문제라해서 어플 삭제후 다시 깔아도 마찬가지입니다. 정말 구글에 이런글 안썼는데 너무 불편해서 씁니다. 제 안드로이드 버전확인 및 리부팅하고 삭제 재설치 3번 반복했는데 마찬가지 입니다.
20,Chae W,2개,2022년 9월 27일,오랜만에 들어왔는데 이게 웹사이트도 아니고 대체 왜 로그아웃 버튼이 마이 하단에 조그맣게 박혀있는지...? 정말 혁신적인 기능으로 바뀐게 아닌 이상 사용자들에게 익숙한 UI를 제공하는게 좋을텐데 웹도 아니고 앱 푸터 부분에 보이지도 않게끔 로그아웃 버튼 있는걸 설정에 왜 없나 한참 찾았네요; 무신사는 항상 업데이트를 하지만 왜 매번 몇가지씩 업데이트 할 핀트를 어긋나게 잡나요 로그아웃 버튼을 저렇게 두니 뭐 로그아웃 빈도가 좀 줄었나요? 예전엔 설정에 로그아웃 버튼이 잘 있었는데 왜 설정에서 로그아웃 버튼을 없앴나 싶어 한참 찾았네요 저렇게 조그맣게 보일듯 말듯 사용자랑 장난치지 마시고 FAQ에라도 로그아웃 위치 명시 좀 해주시죠;
21,박지윤,4개,2021년 9월 5일,저는 잘 맞았게 썼고 브랜드를 검색하면 대부분 많이 있어서 좋았어요. 그리고 주문을 하면 어떻게 반품할 수 있고 교환할 수 있는지 다 써져있었어서 반품이나 교환 할때도 그렇게 힘들지 않을거같아요. 근데 처음에 앱을 깔면 검색버튼이 밑에있었고 위에는 추천이나 랭킹같은게 있어서 적응하는데 조금 걸릴거같아요
22,Google 사용자,1개,2019년 4월 24일,업데이트 이후에 좋아요 모아놓은 창에서 상품들 보다가 뒤로가기 누르면 내가 보던 곳이 아니라 거의 맨 위로 화면이 올라가져 있어서 하나 볼때마다 일일히 또 아래로 내려야함. 아니 업데이트 이후에 퇴보하는게 말이되나.... 이럴거면 좋아요 기능도 없애시는게 나을듯
23,맨이다얘,5개,2020년 11월 1일,다 좋긴 한데...내폴더 기능은 버리는건가요...이렇게 애메하게 만들바엔 아예 컴퓨터 폴더처럼 만들어서 폴더를 만들고 안에 폴더를 또 만들 수 있는 느낌으로 가는게 나을거 같아요.지금은 버그때문인지 뭔지 쓰지도 못하네요.결벽증 있는 사람으로써 진짜 불편합니다.내폴더 기능 업그레이드 좀 해주세요
24,Google 사용자,1개,2020년 2월 16일,앱 자체에서도 랙 엄청걸리네요..;;; 폰기종s10e라 나름 최신기종이고 앱사용시 램사용량도 적고 최적화시킨 상태였는데..;;;; 무신사 웹사이트로 볼까하다가 앱깔아봤는데 완전최악... 키보드 뚜들기는데 그것도 렉걸리고 다른앱들은 랙 안걸리는디 무신서앱만 이래요..ㅋㅋㅋ 다신 안씀~
25,MyeongHwan Cho,4개,2023년 7월 22일,애플리케이션이 빠르게 발전하고 있는 게 느껴져서 특히 결제 부분에서 편해졌다는 것을 체감하는 부분이 큽니다. 그런데 가끔 카카오톡이나 네이버 베너에서 마음에 드는 코디가 있어 확인하면 이벤트 메인화면으로 링크가 걸리는 게 있는데 해당 코디 링크를 걸어주시면 좋을 것 같아요. 이벤트 메인 화면에서 해당 아이템을 찾기가 너무 힘듭니다... 가끔 마음에 드는 옷들을 놓치는 게 너무 아쉬워요.
26,박현성,5개,2021년 1월 24일,"좋은 상품들을 좋은 가격에 구매할 수 있어 좋은 것 같습니다. 자주 애용하고 있어요 ※ 스타일 후기나 상품 사진 후기도 필터링(성별, 키, 몸무게)을 거쳐서 보고 싶은 후기만 볼 수 있도록 하면 더 좋을 것 같습니다. 사이즈 추천으로 검색하면 큼, 적당함, 작음. 이렇게만 표현되어 있어서 아쉬움이 남았습니다."
27,beeen,3개,2022년 11월 14일,"앱도 좋고 다 좋은데요 블프때 특가로 올라온 상품을 무통장입금으로 하고 결제 전에 후기보려고 다른 사이트로 들어가보니까 정가보다 비싸게 표기해놓고 할인율 높은것처럼 되어있더라구요 그래서 주문 취소했습니다. 취소사유에 선택할만한게 없어서 단순변심이라고 했는데 억울하네요,,,,ㅜ 어떻게 정가 19900원짜리를 36900원이라고 할수가 있나요 ㅠㅠ 확인좀 해주셨으면 합니다,,"
28,Junghun Lee (너부리),4개,2020년 10월 3일,"패션 트레드 성향 및 스타일 제안도 해주어서 내게 맞는 옷선택에 도움을 많이 줘요. 특히, 적립금 및 쿠폰 사용으로 할인도 많이 되고 단 얼마라도 저렴하게 구입할 수 있어요. 하지만 무신사가 정해놓은 할인율까지 할인쿠폰이 적용되거나 일부 상품은 할인쿠폰사용제외, 보유적립금사용제외, 적립금선할인제외가 되서 좀 아쉬워요."
29,Google 사용자,3개,2020년 6월 25일,제발 오류좀 고쳐요.. 왜 랭킹이나 검색을 해서 들어가서 옷을 보다가 뒤로가기가 먹통이 되는지 이해를 할 수가 없네요;; 많은 인원이 사용하는 어플인데 별점이 3점대면 진짜 문제가 있는건데 죄송하단 말만 복붙하고 고치질 않으시네;; 뒤로가기가 아예 먹통되서 어플을 닫았다가 다시 들어가야 되는 수고를 옷 상세히 보려고 들어갈 때 마다 껏다켰다.. 어플고치면 고객 더 많아질 것 같은데 개선 좀 해줘요 진짜
30,이태규,3개,2024년 4월 3일,"플랫폼에 관한 만족도는 정말 10/10점 인데, 앱은 무한로딩이나 눌렀던 알림이 앱으로 쇼핑 중에 늦게서야 떠서 갑자기 다른 창으로 넘어가버리는 빈도가 너무 많습니자. 앱 캐시제거도 계속하는데도 상태가 심각해서 개선 부탁드립니다"
31,br H,5개,2024년 3월 31일,"패션앱 중에서 카테고리가 가장 세분화되어있어 좋습니다. 총장, 소매길이까지 고를 수 있는 점이 정말 좋아요. 그리고 모든 브랜드 이름이 한글로 표기되는 부분도 편하고 보기 좋습니다."
32,Okyoung Im,5개,2024년 3월 25일,사용자가 이용하기 너무 편해요! 제품더 다양하고 룩북 그리고 코디까지 꿀팁 주시어 많은 도움 됩니다. 찾고싶은 상품 정렬이 여타의 쇼핑사이트보다 월등히 좋습니다.
33,Hj J,4개,2024년 3월 29일,좋아요 페이지 들어가면 찾을 수 없는 페이지라고 뜨고 결제 진행 시 쿠폰 적용 누르면 적용은 안 되고 적용 중 이라고만 뜨고.. 결제 방법 선택 '카드 결제' 누르면 페이지 재부팅 ㅡㅡ; 무한반복 오류가 계속 떠요..
34,Yunseon Jo,1개,2024년 3월 27일,이미 최신 버전인데 출석체크가 안 되네요. 몇 번씩 재접속해도 안 돼서 재부팅 후 접속하기도 하고 삭제 및 재설치 후 시도해도 아무 소용없네요. 오늘 출석은 아무래도 글러먹은 듯싶네요. 빠른 해결 부탁 드려요.
35,ᄋᄉᄋ,4개,2024년 3월 21일,잘 사용하고 있는데 이번 업데이트 후에 자동로그인이 사라져서 앱 열때마다 매번 로그인 해야하네요.. '신상품'키워드 검색도 사라졌습니다ㅠ 신속한 해결 부탁드립니다.
36,김상순,3개,2024년 2월 22일,무신사앱을 다른 휴대폰에 설치하려고하니 기기가 앱과 호환되지않는다고 나오며 설치가 되지않습니다 인터넷검색해서 플레이서비스와 플레이스토어 모두 업데이트삭제 후 업데이트 다시 해서 무신사앱을 설치해봐도 같은 상황입니다 갤럭시S7엣지 sm-G935L입니다 다른 앱은 문제 없는데 무신사만 설치가 안되네요ㅠ
37,Yolo s,1개,2024년 3월 4일,"사용성 최악이네요 후기 이미지 첨부하는거 원래는 갤러리 따로 선택해서 하거나 내파일 해서 쉽게 사진 찾아서 첨부했는데, 개판으로 바꿔놨네요 이미지 첨부할려면 사진 일일히 내려서 찾아서 해야되는데 예전에 찍어둔 사진이면 그거 내려서 어떻게 찾습니까? 진짜 사용성 개판으로 만들었네요 다른 어플 따라서 하면 반은 갈텐데 사용자들 후기 남기지 말라고 발악하는거죠? 그리고 무신사 어플만 다크모드 적용 안되는데 그럴꺼면 무신사 앱 자체에서 다크모드 변경이라도 되게하던가 진짜 쓰레기 같이 어플 만들었네요 리뷰도 사진 똑바로 규정 지켰는데 매크로 답변으로 안된다길래 재문의 계속 넣었는데도 그것도 꾸역꾸역 씹고 제발 사진 좀 예전으로 롤백해쥬세요"
38,이재성,4개,2024년 3월 8일,요즘 트렌드를 잘 알수 있고 놀라운 할인도 있고 구경하는 재미와 구매하는 즐거움이 좋지만 추천이나 제품검색할때 새로고침이 너무 자주뜨거나 버벅이는게 서버가 너무 불안정합니다
39,Psw,4개,2024년 2월 15일,선택장애가 생길만큼 진짜 가성비 좋고 예쁜옷들이 많고 좋지만.. 기모 여부를 구분할 수 있는 기능이 나왔으면 좋겠네요
40,제이제이,1개,2024년 3월 24일,무신사는 업데이트를 거듭할수록 불편해지네요 여태 그런적없었는데 자꾸 로그인이 풀려요 매번 다시 로그인해야하고 이렇게 불편하게 만들면서 업뎃은 무조건해야하고 사용하기 참 불편하네요..
41,김영희,2개,2024년 3월 19일,"실제상품 질감ㆍ색이 사진에 비해 너무 떨어짐, 상품사진 더 확대해 볼수있도록, 질감 알아볼수있게요."
42,김승현,4개,2024년 2월 21일,딴 건 다 좋은데 [적립금 사용]이 얻는 양에 비해 쓰는 양이 너무 적은 것 같습니다 그래서 모으고 싶다는 생각이 안 들고 쓸때는 많이 남은 적립금을 보면 쓰고 싶다는 기분이 안 들어요.. 적립금 사용을 늘려주셨으면 합니다
43,SC Cha,1개,2024년 3월 11일,"양아치인가? 앱알림 수신동의는 동의도 받지않고 지들 멋대로 해놓고 개인정보 수신 수집동의는 꺼놓고, 광고 알람은 계속 오게 해놓음. 이거 개인정보를 지들이 안가져 갔다고 앱으로 광고 계속 알림오게 만듦."
44,thecatlover Jessie,5개,2024년 4월 4일,다양한 제품을 한번에 비교할수 있어요. 다양한 할인 쿠폰도 유용합니다.
45,김씨맨,5개,2024년 4월 3일,편리함과 직관성이 무신사를 말하는 단어이다. 폭 넓은 브랜드를 가지고 있으면서도 카테고리별 분류가 명확해 원하는 옷을 찾는데 어려움을 느낀 적이 없었다.
46,이영빈,1개,2024년 3월 16일,진짜 신발살때마다 열불오름 300사이즈 옵션도 만들라고 제발 290 이상 말고 300이상으로 만들라고 진짜 개 열받네 옵션 하나 추가하는게 데이터베이스 뜯어고칠수준으로 어려운거도 아니면서 에휴
47,황승언,1개,2024년 3월 19일,앱이 가면 갈수록 이상해지냐 예전에는 깔끔하고 좋았는데 쓰지도 않는 메뉴 옵션들이랑 배너 추가한 이후로 정신없고 렉이 너무 많이 걸림
48,래희,5개,2024년 3월 25일,"가방 오프라인으로 사면 가격도 비싸고 다 거기서 거기인데 전품목 한눈에 볼수있고 가성비 및 랭킹도 할인도 할때사면 상당히 저가에 살수도 있더라구요 걍 에라모르겠다 못 정할때는 순위보고 사셔도 거의 후회 없으실거라고 생각해요 그만큼 편리하고 정보성 시인성 또 실용성 룩성도 후기보면 와 이런핏이네 사야겠다 이분 따라사자 싶어좋더라고요, 광고아님 내돈내산 후기임,"
49,지수,5개,2024년 3월 27일,계속해서 더 많은 브랜드들이 입점하고 잇어서 너무 만족중입니다 ㅎㅎ 적립금 혜택도 쏠쏠해서 타 앱에서 구매하는 것보다 훨씬 저렴해요
50,Sewon Lee,5개,2024년 3월 14일,다양하고 관심있는 브랜드 쉽게접근하기 너무좋아요 필요한거 잘구매합니다.
51,예스브랜드,1개,2024년 3월 25일,"자동 로그인 안되는 오류 때문에 진심 미칠거같아요. 첨엔 비번도 틀리다고 나와서 해킹당한 줄ㅋ 어차피 내 적립금도 내 맘대로 못쓰게 제안하는 이상한 쇼핑몰, 더 이상 안쓸듯. 잘가요 무신사."
52,yessu_ _,4개,2024년 3월 24일,오래 쓸 것들 사면 좋을 듯 가격 싸고 품질 적당한 거 고르려고 하면 힘듦 가격도 좀 있고 품질 좋은 걸 고르려고 하면 무신사가 최적인 듯
53,김문심,3개,2024년 3월 27일,업데이트 후 출석체크 안되고 계속 업데이트하라고하네요. 5번이나 제거하고 다시 깔았는데도 그대로네요. 확인요망이요...
54,구은경,3개,2024년 3월 27일,출첵하려고 하면 업데이트 하라고 하고 404떠요 업데이트도 했고 제거후 재설치도 해봤는데 출첵 어떻게 해요 ㅠ
55,강한남자,1개,2024년 3월 22일,자동로그인 풀린다고 문의넣으니까 폰업데이트하라고? 안되면 뭔 영상에 로그에 뭘 보내라고? 사용자가 그런거까지 떠먹여줘야되나.. 매크로 배짱장사는 여전하네
56,짱돌,1개,2024년 3월 21일,며칠전부터 앱 들어갈 때마다 로그인 해야됨. 자동로그인 왜 없어졌나요
57,정해인,5개,2024년 2월 24일,카테고리에서 세부항목 넘어갔을 때 세부항목 이름 옆에 화살표 (ex. 바지>) 없애거나 눌렀을 때 all 버튼 눌렀을 때 보이는 페이지로 넘어가게 해주세요 헷갈려요
58,ulmig _,2개,2023년 12월 13일,최근 1년간 무신사에서 스무건 정도 결제하고 실소비액 70만원 이상 썼는데 연말 결산해보니 브랜드 공식홈페이지와 w컨셉 등 타 플랫폼에서 결제 금액이 2배 가까이 되더라구요 여러 브랜드가 입점되어있는 건 좋지만 너무 과도해서 원하는 상품을 찾기 어려워요 예를 들어 제가 스포츠 볼캡을 사고 싶어 카테고리를 찾아 들어가면 스포츠 모자에 여성 바라클라바가 나와요... 그러다보니 퀄리티 있고 제 니즈에 맞는 의류가 적절하게 있는 w컨셉 한스타일 등등 타 플랫폼에 더 손이 가는 거 같아요 ;○; 앞으로는 사용빈도가 점점 더 줄어들 것 같아요 유신사 안녕..........
59,김하연,3개,2024년 3월 3일,요즘 상품마다 다 예약배송 걸어놔서 빨리받기 어려워요 해외배송도 아니고 예약배송 한달뒤에 걸어놔서 기다리느라 목빠질거같습니다 예약배송 제한 걸었으면 좋겠어요 ㅜㅜ판매업만 편하고 소비자들은 너무 불편함 ㅜ
60,홍시군,2개,2024년 3월 26일,이번주 들어서 자꾸 들어갈때 한번씩 로그아웃이 되어 있습니다! 저는 로그아웃 한적이 없는데......
61,김서영,4개,2024년 1월 9일,다 좋은데 좋아요 목록에서 카테고리 분류가 너무 정신없어요. 어떤 제품을 찾을래도 찾기가 힘듭니다ㅠㅠ 크게 분류하고 순서도 고정시켜주시면 좋을 것 같아요..!
62,지성박,1개,2024년 3월 21일,업데이트 이후 부터 자동로그인 계속풀리는데 의도된거임? 굉장히 불편함
63,귀요미,1개,2024년 3월 13일,배송 너무 느려요 배송시스템만 잘되있어도 좋을텐데 그게 젤 아쉽네요!!
64,"When they go low, we go high",4개,2024년 3월 11일,좋습니다. 허나 최적화를 좀 많이 계선해야할것 같네요. 특히 장바구니에서의 딜레이가 심합니다.
65,최순희,5개,2024년 3월 11일,다 좋은데 가격이 비싸요 그래도 가-끔은 싼게 나와서 다행입니다 품질이 떨어지지도 않고 너무 좋아요 ^^
66,-_-,5개,2023년 12월 18일,"우선 사용자가 많아서 커뮤니티가 활발하고 사람들이 리뷰도 많이 남겨주어서 옷을 살때 비교적 좋습니다. 또 리뷰를 올리거나 미션을 참여하면 포인트를 줘서 옷을 더 저렴하게 살 수도 있습니다. 다만 원하는 브랜드가 없는 경우도 있고, 리뷰가 없거나 적은 제품은 제대로 된 제품 정보를 얻기 어렵습니다."
67,Google 사용자,5개,2024년 1월 15일,원하는 스타일일 제품을 관련상품으로 원하는 가격대 내에서 선택가능해서 좋습니다. 정말 관리자 천재임
68,shin H,1개,2024년 3월 8일,툭하면 바로접속 off됨. 아니 어플접속인데 왜...? 로그아웃했다 재로그인해도 안되고 매번 삭제하고 재설치해야됨
69,P SH,2개,2024년 2월 26일,느려요. 어제부터 상품상세사진이 떴다가 사라져서 pc로 보는게더편해요 업데이트해도 마찬가지에요
70,김일란,2개,2024년 1월 25일,"없는 브랜드도 많구.,브랜드를 찾았으면 카테고리 별로 분류가 안되어 다시 일일이 검색어를 쳐서 들어가야되는 번거로움이 있어 삭제 합니다"
71,강나연,5개,2024년 2월 21일,"디자인, 소재, 가격.. 모두 좋습니다. 무엇보다 직원의 친절함! 사춘기 청소년 아들 옷, 대신 사러 가서 뭘 사야할 지 막막했는데, 친절하게 추천해주고, 도움 준 강남역 지점 직원분들. 칭찬하고 싶습니다"
72,짱돌맨,3개,2024년 3월 5일,왜 프로필에서 제품에 하트 누르면 그 제품 화면으로 넘어가는지 모르겠고 넘어갈 수 있다해도 뒤로가기 버튼 누르면 왜 맨 위 피드로 올라가나요 진짜 너무 불편해요
73,제임스,4개,2024년 3월 8일,사용자가 이용하게 쉽고 편하게 구성되어 있어 원하는 상품을 빨리 찾을수 있어 좋아요
74,Sun Kai,1개,2024년 1월 23일,카카오 망해가는거 그대로 가는듯 앱이 잘돌아가야 수시로 드나들며 보기도 하고 할텐데 느림. 뒤로가기 누르면 시작점 부터 다시 또 스크롤 내려야하고 보는 재미 떨어짐
75,ㅇㅇㅇㅇ,3개,2024년 1월 17일,자주 사용하는 무신사입니다. 근래에 창넘어가는게 엄청오래걸리는데 따로 뭐 하시나요? 앱 삭제 했다가 다시 깔아도 느려요
76,슬리핑,1개,2024년 2월 11일,업데이트후 링크누르면 어플로 연동이 되는게있고 안되는게 있네요 지웠다가 재설치해도 그렇구요
77,취향저격꼬맹이1호,5개,2024년 3월 2일,색상 선택 필터 유용하고 비슷한 디자인 추천기능도 넘 좋고 다른 회원들의 코디도 같이 볼수 있어서 좋음
78,강해정,4개,2024년 1월 29일,여기 옷 주문해보니까 괜찮네요 옷은 이월상품 같은데 다는 아니겠지만 제가 산옷은 그런거밭은데 싸게 샀으니 상관은없는데 옷이 좀 무겁지만 편안하고 엄청 따뜻해서 좋았습니다 감사합니다 잘 입을께요 나중에 또 주문하고 싶어집니다
79,박종화,1개,2024년 1월 17일,아니 최근에 로딩이 왜 이렇게 심해졌죠...?? 잘 쓰고 있었는데 최근 몇일 로딩때문에 들어가기가 싫어지네요;;;
80,hyun L,1개,2024년 2월 22일,"이벤트 참여 해도 쿠폰 안 줘요. 참고들 하세요. 문의해도 시간만 질질 끌면서 핑계만 되고, 자료 다 보내줘도 또 재문의 재재문의 달라 하고 이벤트로 홍보 해놓고 막상 주기는 싫은가 봅니다."
81,turquoise blue KMJ,3개,2024년 2월 10일,"상품 보다가, 이전으로 가면 상단으로 올라가서 다시 보던상품 찾아야되서 쭉 내려와야하는 불편함"
82,Bright Morning,3개,2024년 2월 27일,평소에 잘 쓰고 있었는데 핸드폰을 새로 하고 깔아서 로그인 한 뒤 매물을 들어갔는데 자꾸 상품설명이랑 사진이 안뜨고 구매 후기 화면이 나오네요 지금 꼭 사야할 일이 있는데 못 사고 있습니다 빠른 답변 부탁드려요
83,Be hill,5개,2024년 2월 7일,핏이면 핏 품질이면 품질 다 마음에 드는데 잘나가는건 재고가 좀 부족해요~
84,렉소REXXO,5개,2024년 4월 3일,"높은 퀄리티에 낮은 가격, 이정도만해도 아주 만족이라 생각합니다!!"
85,Koko OH,5개,2023년 10월 24일,아직 물품을 받아보진 못했지만 어플의 편의성.이벤트.쿠폰 제품가격 뉴비가 받을수 혜택모음등등 어플자체 기능은 정말 좋습니다! 배송이 얼마나 걸리는지 제품은 사진과 얼마나 똑같은지 가격대비 퀄리티가 잘나왔는지만 확인이 되면 다시 글쓰러오겟습니다 현재까진 5점입니다~~
86,Eugene B,5개,2024년 4월 2일,여기만한게 없네여 ㅎㅎㅎ 주문도간편하고 배송도 빠르고 좋슴당^^
87,김민서,4개,2024년 3월 22일,업데이트 이후에 앱 새로 접속할 때마다 로그인이 풀려요 다시 원래대로 돌아오면 좋겠어용
88,방승준,1개,2024년 3월 25일,무신사 들어가서 검색어 들어가면 흰색배경만 나오고 아무것도 안나옵니다 네이버 구글 다 쳐봤는데도 이런 오류는..
89,라쿤,5개,2024년 2월 1일,음 일단 옷 스타일이 너무 재 스타일인게 너무 많고 사람들에 착용사진이있어서 뭔가 더 사고싶어지네요 근데 돈지만요^^ 그래도 옷판매 앱중에서 gote네요
90,Schan 02,5개,2023년 11월 22일,사고 싶은 품목의 옷. 예를 들면 휜색 셔츠를 검색해도 가격별로 많이 떠서 정보를 빨리 볼 수 있고 간편하게 구매할 수 있어서 좋습니다. 앞으로도 계속 쓸 거 같아요
91,권경옥,5개,2023년 12월 14일,상품이 다양하고 여러 연령층이 입고 사용 할수있어서 참 좋아요. 의류같은경우엔 세탁을 한후에도 늘어나는것도 거의 없어서 만족합니다.
92,Juyeong,3개,2024년 2월 22일,어제 서비스 점검 시간 이후로 계속해서 장바구니 오류로 한참을 주문을 못 하고 재설치만 했네요 휴 장바구니를 누르면 회원조회에 실패했다는 말이 떴습니다 안드로이드14 입니다
93,박세미,2개,2024년 3월 8일,분명 좋아요 누른 제품이 좋아요함에 들어가면 안 보입니다. 품절된 제품도 아닌데 왤까요...
94,ARIEL SHIM,5개,2024년 1월 28일,코디샷을 통째로 하트등을 눌러 저장해두고 볼 수 있었으면 좋겠어요! 너무멋져요
95,A narchy,1개,2024년 3월 27일,신상품 몰아서 보는거 없어지고 검색으로 신상품 검색해서 보는방법 뿐이였는데 그마져도 없어졌네..
96,박장혁,5개,2024년 1월 30일,많은분들이 많이 구매하는것을 보구 구매해보니 마음에 드는것이 많구 쿠폰할인도 많아서 너무 좋은것 같아요^^
97,sirano bernstein,1개,2024년 3월 21일,로그인을 들어갈때마다 해야하네 갑자기 앱이 엉망진창이 됐네
98,캡틴츠보미,3개,2024년 1월 10일,"최근들어 갑자기 엄청 버벅거리고 감당 안되게 느려졌네요. 2년넘게 잘 썼고, 폰 문제는 아닙니다. 다른 앱에서 전혀 없는 현상이고요"
99,김계영,5개,2024년 1월 28일,다양한쿠폰제공과 다양한브랜드제품 한눈에 비교쇼핑할수있어조아요 무엇보다 실사용후기 도움많이돼요
100,최홍석,1개,2024년 4월 4일,아니 계속 다른 페이지로 이동할때마다 서버연결이안된 다고 합니다 고쳐주세요
101,지건,2개,2024년 4월 4일,체험단 신청 목록볼때 상품 들어갔다 나오면 맨 처음으로 돌아가는거말고 보던부분 이어보게좀 해주십쇼 진짜 전에 이쁜것들 보고 구매하려는데 불편해서 걍 안보게됨 신청 떨어진거들중 괜찮은게 있어서 보고 나오면 맨 처음부터 시작 장난치는것도아니고 걍 그리고 체험단 검색도 만들어주십쇼 이뻤던것들 당첨 안되면 구매하려는데 검색도없고 노가다로 찾기 너무 힘듬 버그는 꼭 고쳐주시고
102,성이름,4개,2024년 3월 3일,로그인 인증을 하려고 했으나 휴먼상태 임으로 아이디를 찾으려고 했으나 3가지 인증이 다 안돼네요.
103,정성욱,5개,2024년 1월 23일,"제품 찾기 슆고, 배달도 빠르고... 가격도 합리적."
104,벨킴 BEELKIM,5개,2024년 3월 12일,배송도 빠르고 할인도 많이 해서 정가보다 싸게 살 수 있어요
105,이종훈,5개,2024년 2월 29일,얘기 듣고 첫거래 준비중인데~행사가 많아 고민중 ㅋ 그래도 첫거래인 만큼 신중히 검색중요
106,황준성,2개,2023년 12월 2일,잘만들었지만 업뎃만하면 쓰레기 앱 옷사고 그런 시스템은 잘되어있으나 무진장 블프하면 개 버러지처럼 터치 안먹히고 옷살때 계산기 두드린다고 여러번 왔다갔다할때 앱이 자꾸 창에 사라짐 이 앱만그럼 진짜 억까 제대로함 업뎃할거면 제대로 좀 해라
107,박가현,1개,2024년 2월 5일,솔직히 다른 앱보다 사용하기 어려운거 같아요ㅜㅜ 넘 복잡해서 잘 사용해지는 않을거 같네요...
108,정은희,5개,2024년 2월 27일,"좋아요, 다양한 쇼핑정보 한눈에 볼 수 있고 할인 이벤트도 많고 트렌디합니다"
109,강수민,3개,2023년 12월 26일,"좋아요란에 세부 카테고리로만 분류되는 것으로 업뎃됐던데 이전이 더 편해요ㅠ 차라리 좋아요란에 들어갔을 때 처음 보이는 화면에는 대분류로 구분하고, 각 대분류를 누르면 하위 소분류가 뜨는 식으로 분류되면 좋겠습니다"
110,눈누난나,3개,2023년 11월 24일,"왜 할인율 높은순, 가격 높은 순, 가격 낮은 순으로 보기 등을 없앴는지 이해가 안됩니다 이거 제발 고쳐주시길... 한번씩 할인율이나 가격 괜찮은 순으로 세워놓고 필요한거 샀는데..."
111,권현석,5개,2024년 3월 26일,사이즈도 좋구 천도 아주적당하네요 지금 입기 딱좋아요^^
112,윤경숙,5개,2024년 4월 2일,아들 옷사는데 요즘 최고네요. ㅎ 아들이 좋아합니다.. 여러개의 아이템이 좋아요.
113,Eoqkr Kio,5개,2024년 3월 31일,스탠다드 제품 디자인 퀄리티 가성비 좋은 것 같아요
114,Google 사용자,5개,2024년 4월 2일,인터페이스도 좋고 사용하기 편합니다.
115,임경순,5개,2024년 3월 21일,저렴하고 재질도 좋고 배송도 빠르고 좋아요.
116,김군,2개,2024년 3월 21일,"옷 낮은평점순,최신순 이거 보려고 했는데 눌러도 안되요"
117,장지현,5개,2024년 3월 19일,무신사 브랜드 카테고리별로 잘 정리되어있어 편안함
118,앙마,3개,2024년 3월 27일,업데이트되더니 출석체크 오류났어요... 해결점
119,안미화,5개,2024년 3월 26일,짱. 좋음. 저렴한 가격에 좋은 물건 구매
120,미안해행주야,1개,2024년 3월 22일,자동로그인 사라지고 계속 로그아웃 됨
121,깜냥이,5개,2024년 3월 13일,첫거래 아주 마음에 들어요 배송만 빨리오기 바랍니다.
122,Ordinary 92's,1개,2024년 4월 1일,신규 유입자에 대한 이벤트만 항상 생기고 금액을 많이 사용한 사람들에 대한 이벤트는 항상 없음. 건의를 하였으나 소식이 없음. 신규 인원 만들려고하지말고 많이 사용한 사람에 대한 혜택이 많이늘기를
123,byoungkun song,5개,2024년 4월 5일,사용해봐야 좋은줄 알져. 글로만 봐서는 체감할수 없음
124,김드래곤,3개,2024년 3월 26일,앱은 잘 사용하고 있는데 계속 로그아웃됩니다
125,김경환,5개,2024년 3월 17일,너무너무 제품이좋구 가격두 착합니다^^
126,지동이,5개,2024년 3월 23일,다양한 제품이 많고 배송도 빨라서 좋아요
127,용을품은쌍백호수아,5개,2024년 3월 22일,쇼핑이 편해요 배송도 빠르고요
128,유선영,5개,2024년 3월 14일,다양한브렌드를 한번에볼수있어 좋다.
129,박찬익,3개,2020년 9월 7일,"확실히 다른 셀렉트숍보다 상품을 검색할 때 분류방식이 다양하고 효율적이라 보기 편해서 좋아요. 특히 색깔이라든가 나열방식, 브랜드 등등.. 그런데 아직도 소프트웨어적인 입력이 잘 구동되지 않는 것 같아요. 어떤 상품을 보고 뒤로가기가 안되거나 어플상단에 위치한 뒤로가기가 터치가 안되는 경우가 많습니다. 그럴 때마다 어플을 강제종료하고 다시 실행해야하는 번거로움이 있어요. 이건 어플 초기부터 아직까지 해결되지 않는 것 같네요."
130,정정,5개,2024년 4월 2일,세일쿠폰 좋고 스타일 좋은 옷이 많아서 좋아요
131,주상현,5개,2024년 3월 20일,배송 빠르고 서비스가 좋네요
132,이승주,5개,2024년 2월 25일,워낙 자주 사용하고 마음에 드는 앱입니다 그나마 조금 아쉬운 점은 후기 적립금이 늦게 들어오는거 그 정도입니당
133,99 9,1개,2023년 11월 20일,"같은 상품 오배송 3번째 하는 중. 고객센처 대처도 엉망진창이고, 뭐 피해에 대한 보상은 1도 없고, 상품은 계속 잘못 보내고 있음. 재고가 없으면 없다고 하고 후속 조취를 하든가. 장난치나??"
134,전진,5개,2024년 3월 23일,왜 자꾸 로그인이 풀리나요.. 몇시간 지나면 로그아웃 되어있어요 고쳐주세요
135,김가영,1개,2024년 3월 23일,신규가입쿠폰준다더니 네이버검색하면 더 쌈.
136,ᆞᆞ,2개,2024년 1월 17일,호환성 최악. 환불할때 이미지 업로드도 실패할때가 잦음
137,Jein Zzz,4개,2023년 10월 27일,"브랜드 신상 쇼케이스, 룩북, 매거진 접근 쉽게 해줬으면 함. 앱 키면 보이는게 랭킹이랑 추천된 옷들인데 관심 없음"
138,asdf asdf,1개,2023년 11월 29일,결제까지 다 했는데 24시간도 더 지나서 갑자기 품절이라고 주문취소됨 시스템상 품절이면 결제 안되게 막던가 결제후에 바로 취소되어야되는거 아닌가요 하필이면 주말 껴버려서 옷도 못입고 돈만 날리고 적립금이라고 꼴랑 4000원 준거는 적립금 5천원이상부터 쓸수있어서 쓰지도 못하고 30일이내 제한있네요 사람놀리는것도 아니고 이게 보상맞나요
139,김영진,5개,2023년 11월 4일,후기에 넣을 사진이 15MB를 넘을 때가 많은데 앱 편집기능을 넣어서 자르기 등을 해서 자체적으로 조정할 수 있게 해줬으면 좋겠어요
140,가죽소리,5개,2024년 2월 10일,사용하기 너무 편하고 최신 트렌드 패션을 볼 수 있어요 ·
141,유승희,1개,2024년 1월 30일,좋아요 카테고리 이전으로 되돌려주세요 너무 세세하게 나눠놔서 찾기가 힘드네
142,나비탁,5개,2024년 1월 30일,할인 많이하고 배송빠르고 백화점 갈필요없이 여기서 다살수 있어서 좋아요^^
143,김형욱,5개,2024년 3월 18일,쉽고 간편한 쇼핑몰
144,김선경.,5개,2024년 3월 24일,아이들이 잘 이용하고 있어요~젊은층들이 이용하기 좋은것같아요
145,뚜,4개,2024년 3월 10일,코디 정보 및 쿠폰 많이 받아서 싼가격에 살수있어서 좋은듯 한데 부족한 옷 재고는 아예 안들어오는거 같아요
146,신동성,4개,2024년 3월 12일,잘 정리되어 일목요연하게 볼수있어 좋은것 같음
147,우야,1개,2024년 2월 14일,주문하고기다리니 품절이라하고 그페이지 들어가니 그대로팔고있고 품절이라고 일방적통보했음 환불이라도빨라야지 이기 뭐냐
148,JAE KIM,1개,2024년 1월 30일,업데이트 안해도 사용할수있게 해주세요 간만에 옷 좀 사려다가 업데이트 안하면 못쓴대서 김 빠짐..
149,Peter M,5개,2024년 3월 25일,옷 다양하고 가격 괜찮고 좋음
150,류이화,5개,2023년 11월 16일,배송도 빠르고 배송지연 위로금도 챙겨주셔서 감사해요. 청소년 아이들 의류 구매할곳이 은근 마땅치 않은데 무신사에서 편하게 쇼핑하니 무척 좋아요♡
151,5년차구남여,5개,2023년 11월 16일,"강추 패션앱인 이유 1,모델도 잘 뽑고 무엇보다 옷에 과장이 별로 없음! 2,다른 패션앱들은 옷 설명이나 카테고리가 밋밋한데 무신사는 깔끔하고 한눈에 들어옴 3,비싸는 싸든 옷에 퀄리티가 거의 다 좋음 4,옷만 있는게 아닌. 모자 장갑 메이크업 장식템 같은 것도 많음 5,각종 혜택이 많음. 이벤트 , 쿠폰 등 《단점》 1,배송이 느림 어떤건 1주일 3주일씩 걸릴 수도 있음 2,쿠폰은 많은데 정작 자기 맘에는 드는 옷이 없거나 사용 가능한 폭이 좁음 나는 딱히 불편했던게 없어서 좋았음 굿굿"
152,주영채영MAM,5개,2024년 2월 19일,좋은 제품들이 많아요 계속 관심이 가요 후기도 올리고 싶어 바로 바로 올렸어요
153,이승인,5개,2024년 1월 28일,다양하고 질좋은 상품을 저렴하게 판매해서 자주 이용하고 있습니다.
154,J K,5개,2024년 2월 15일,옷도많고 어플 사용도 편리함 의류쇼핑앱중에 최고인듯
155,이주희,5개,2024년 1월 22일,와 엄청좋아요 추천으로가입했는대 할인폭이엄청커요
156,꾸리킴,5개,2024년 2월 7일,가성비 너무좋은 제품이 많네요 항상 사업 번창하세요~^^
157,김판수,2개,2024년 2월 4일,앱이 정신사나움 포인트 전환도 제대로안되고
158,홍선희,5개,2024년 3월 1일,스타일시한 옷을 저렴한 가격에 구입할수 좋은곳입니딘
159,홍준택,4개,2024년 1월 31일,주문내역 확인하기가 불편해졌습니다 3중 4중으로 버튼을 눌러야 확인가능
160,SANGHYUN PARK,4개,2024년 2월 14일,좋아요~쿠폰행사및 빠른배송서비스요청
161,이란,5개,2024년 2월 18일,저렴하고 상품 좋아요~할인도 자주 하는 듯
162,땅부자나눔부자최은희,5개,2024년 1월 28일,품질좋고 가격싸고 다양한 상품들 짱이네요
163,Wynn Seung-Jin Lee,5개,2024년 2월 15일,잘 되어 있습니다. 궁금하다 싶은 기능이 다 있네요.
164,jungmi park,5개,2024년 2월 20일,배송도 빠르고 제품도 확실하네요
165,황선필,5개,2024년 2월 8일,다양성이 좋아요 가격도 합리적이고요
166,허미성,5개,2024년 2월 1일,실용적이고 편하게 한눈에 볼수 있도록 배치
167,김진원,5개,2024년 2월 26일,옷을 저렴하게 살수있어좋아요 어플도편합니다
168,장연주,5개,2024년 2월 25일,매장첫구매하고 온라인도 이용중 다양해서좋아요
169,강선,5개,2024년 1월 29일,"배송빠르고,무료배송이라 너무 맘에듭니다"
170,정재우,5개,2024년 2월 27일,무신사 좋은 물건 좋은 가격 무료배송!
171,이지영,5개,2024년 1월 10일,좋은 품질의 상품이네요 굿 초이스!!
172,조현준,5개,2023년 12월 1일,"다양한 옷들과 또 유행하는 아이템들을 판매해 소비자한테는 이 만한 온라인쇼핑앱이 없다고 생각합니다. 옷,패션 좋아하는사람은 강추!!!"
173,최다인,5개,2023년 11월 27일,종류도 많고 여러 브랜드들이 있어서 찾아보기도 좋아요! 여러 사람들이 쓰는 만큼 데이터들이 많아서 더 자주 들어가게 되는 느낌이네요
174,Yerahm Suh,4개,2024년 1월 4일,좋아요 목록이 큰 카테고리로 묶여서 세부적으로 나뉘었으면 좋겠어요. 너무 목록이 줄줄이 많기만 하니까 찾기 힘들어요
175,정선빈,2개,2024년 1월 1일,옷도 많고 기능도 편리해서 좋은데 화면전환 할 때 시간이 너무 많이걸려서 불편해요
176,soojin,4개,2023년 12월 5일,"의류와 신발 등 남성, 여성용 필터링 할수있게 카테고리가 나뉘어져 있음 좋겠어요. 관심없는 상품까지 봐야하네요."
177,이주하,1개,2023년 12월 1일,출고 지연이 너무 많습니다. 미리 언제 도착 예정이 써있는게 아니라 한참 뒤에 출고 지연 메세지 띡 오면서 기다릴래 말래 묻는 것도 참 어이없음.
178,뿌꾸언니,4개,2023년 10월 19일,늙은이(50대)가 이용하기에 복잡함. 너무 많은 제품과 정보가 화면 가득해 기가 빨림.
179,김명용,3개,2023년 10월 29일,그냥 무난함 살만한거는 꽤 보이는데... 이벤트 낚시가 좀 많네요. 뭐 다 먹고 살자는 상술이지만 너무 레트로식 이벤트 낚시 느낌
180,성치헌(xxwsch_),3개,2023년 10월 28일,"최근 업데이트로 구매내역이나 구매하고 싶은 옷이나 신발을 잘 볼수 없게 해놨고, 업데이트 할수록 불편해져 가는것 같아요"
181,키득키득,1개,2023년 11월 25일,무신사 들어가면 홈만 정상적으로 뜨고 다른 창 누르면 흰화면으로 뜨는데 왜 그런 건가요? 삭제하고 재설치해도 똑같아요ㅠㅠ
182,최순아,5개,2023년 10월 26일,배송이 빨라서 좋네요 쿠폰을 자주 주시면 감사 하겠습니다 제품들이 높은 가격이라서 쿠폰이 있으면 쇼핑을 즐겁게 할수있을것 같네요 ~^^
183,김나현,2개,2023년 12월 11일,앱이 너무 느리고 자주 멈춰요.. 오류도 너무 많고요 문의를 해도 대응을 잘 못하시네요..
184,장Jangsu,5개,2023년 12월 24일,네이버로나오는 이상한것들 다 걸러주고 원하는 제품 저렴하게나오고 스타일링 사진도볼수있고 정말좋은거같아요
185,하영,5개,2023년 11월 10일,"175 여자입니다. 에이블리 같은 데에서는 제가 입을만한 바지 사이즈를 찾기가 너무 힘든데, 무신사에는 저에게 맞는 바지가 많아서 좋습니다."
186,전황욱,5개,2023년 10월 25일,저같이 옷에 대해 잘모르는 사람도 잘 살수있게 여러가지 기능이 어플에 녹아있는게 좋아요
187,Gwang,3개,2023년 12월 7일,다 좋은데 리프레쉬가 너무 심해요. 다른 어플 잠깐 갔다와도 메인화면으로 돌아강ㅆ
188,Yousook Jin,5개,2023년 11월 9일,딸이 티셔츠와 바지를 사줬는데 듸자인도 심플하면서 고급지고 입고나서의 편안함도 아주 만족했어요.
189,황유진,4개,2024년 1월 23일,배송빠르고 제품이 좋습니다^^
190,장희윤,1개,2024년 1월 16일,음... 제가 운이 없는건지 11월 23일에 신규가입 할인으로 제품을 샀는데 12월 18일까지 안오길래 문의 넣었는데 분명 12월 25일까지 보낸다고 하고 네.... 못 받았어요 1대1 문의 넣으니까 직원분이 브랜드 측에 물어본다는데 28일 저녁 아무런 말도 없이 환불이 됐어요 사과나 아무런 말도 없이 어이 없어서 1대1문의를 또 드렸는데 1월 4일까지 환불된 제품 돈 들어올거란 그 날까지 아무런 답변을 못받았어요 그래도 진짜 환불은 됐으니까 란 생각으로 그 문의글은 지웠는데 이 맘때쯤 입으려고 산건데 다 지나고 기다린 시간도 좀 아깝고 제가 운이 없는것일수도 있는데 혹시 모르니까 다른분들 도 조심하세요 그 상품 문의글에 물어봤는데 3일이 지나도 안봤어요 거주지 바껴서 배송지 바꾸는법도 물어 봤는데 그거에 답 안해주시고 25일까지 보낸다고 복붙을 하셨더라구요 ㅎ.... 이런 가게도 있어요 무신사 좋다고 해서 기대하면서 깔고 처음 산 옷이였는데
191,이하나,4개,2024년 3월 4일,사이즈만 검색해서 볼수있게 해줬음좋겠네여 빅사이즈 필요합니다
192,류신,5개,2024년 4월 3일,패션에 좀더 편하게 접근 가능함
193,센치한팬더,1개,2023년 10월 25일,쿠폰만 많이 뿌리고 상품이 다양한것도 그렇고 교환 시간 겁나 걸리고 남친땜에 가입했는데 여러모로 불편함..
194,SG S,1개,2024년 3월 22일,업뎃이후로 앱을 킬때마다 ㅋㅋㅇ로그인을 해야 하네요
195,김기득,1개,2023년 11월 22일,할인한대서 봤더니 원래 가격 뻥튀기시켜놓은다음 할인이라고 사기침. 결국 평상시가 더 싸고 할인기간이 더 비쌈.
196,lim lee,5개,2024년 2월 6일,브랜드가 많아서 좋고 합리적가격이라 좋아요
197,캄트,5개,2023년 11월 6일,스타일다양하게 볼수있어서 좋다. 구매로 빠르게 이어져서 편함
198,문성민,5개,2024년 3월 13일,제품이 좋고 다양하게 많이 있어요
199,안성대,5개,2024년 3월 13일,다양한 상품과 프로모션 정보가 많습니다.
200,신발날뛰는,4개,2023년 10월 25일,앱을 참 잘만들었었는데 팝업의 종류가 너무 많아지고 있어서 싸구려가 되어가고 있다.
201,PGF,5개,2024년 1월 19일,무료 배달이라 좋고 옷 못입어도 순위에 있는 옷만 사서 입어도 뽀대가 나요 굿
202,버터빵,1개,2020년 6월 16일,여자라고 다 우신사로 연결할게 아니라 우신사를 홈화면으로 할건지 의사를 물어 설정하게 해야하는거 아닌가요? 무신사릏 주로 이용하는데 왜 굳이 뎁스를 두번 이동 하게 하는지 모르겠네요. 우신사로 설정한적도 없는 사용자가 직접 사용을 끄는 스텝도 이상하구요. 여성 사용자들이 이 부분에 대한 불만이 많은데 요즘같이 젠더 이슈가 많은때에 사회흐름에 맞게 앱도 개선 되어야 할것으로 보입니다.
203,박주미,5개,2023년 11월 14일,"제가 옷을 잘 입을 줄 모르는 데,코디패션이 되어있어서 정말 많은 도움이 됬어용~^^ㅎ"
204,남송현호,5개,2024년 2월 3일,난좋더라 옷도저렴하게구매가능하고
205,Jeong-Woo Kang,1개,2023년 11월 25일,후기 사진을 올릴 때 크롭도 제대로 안 되고 모자이크 기능도 사라지고 더 불편하게 바뀜
206,박정환,5개,2023년 11월 7일,배송빠르고 서비스 좋고 옷도 득템도 하고 너무 조아요 무엇보다 이쁜옷이 넘많아요
207,정승환,5개,2023년 12월 15일,좋은 스토어 입니다 새롭고 저렴하고 다양한 제품과 아이템들이 많은곳 이네요 소통도 잘되네요
208,두라,1개,2024년 3월 22일,아니 계속 서비스 접속이 원할하지 않다고 앱이 안됨 ㅠㅠㅠㅠㅠ
209,김대원,1개,2023년 8월 11일,리프레쉬가 너무 잦아요 폰이 램이 엄청나게 큰 버전은 아니지만 게임도 리프레쉬가 안되는 괜찮은 폰인데 이 앱은 근본적으로 문제가 있음 그리고 리프레쉬가 되면 이전 페이지로 돌아가기라도 해야지 다시 첫페이지로 돌아가는건 뭐임? 개발자가 실사용을 안해봤나? 당신 쇼핑하다가 화장실 갔다왔더니 누가 쇼핑카트 치워두면 기분 좋음? 몇번 쓰다가 빡쳐서 지움
210,TJ P,1개,2023년 7월 11일,"앱, 사이트, 고객 대응 서비스, 품질 모두 구립니다. 그냥 브랜드 공식 쇼핑몰에서 사는게 더 싸고 품질도 좋습니다. 같은 브랜드에서 색상만 다른 제품을 두 벌 구매했습니다. 사이즈 안맞아서 반품 하려니깐 브랜드 사정으로 배송시 개별 배송으로 했던걸 이유삼아 합배송 불가에 배송비를 두 배 내라네요.(같은 배송지, 무게랑 부피 크지도 않음) 상담 전화는 뭐가 그리 바쁜지 안 받는 수준이고. 이것때문에 일주일 동안 장문의 1대1 문의만 6번 정도 걸었습니다. 앱 자체도 뚝뚝 끊기고 최적화 안돼있고 참고하시고 도움 됐으면 좋겠습니다. 아 맞다 그리고 결제시 토스로 결제하면 할인해준다고 일부러 토스 찾아서 했는데 할인이 안돼서 1대1 문의 넣었더니 선착순이라며 마감했다고 할인도 제대로 못받았네요. 선착순이 끝났는데 왜 결제창에 그렇게 광고를 해논건지.. 낚시 당한듯하네요 무신사 할인 크게 한다길래 첫 이용했는데 하자마자 정떨어지는 일이 여러번 생겨서 앱 삭제하고 딴거 쓰려합니다."
211,채준영,3개,2023년 10월 11일,"언제부턴가 쿠폰 낚시가 많아진듯..? 쿠폰 있다해서 들어갔더니 제한상품이라 못 쓴다하고, 못 쓰는 쿠폰은 빨리 없애던지 해주세요 헷갈립니다 그리고 상품 사진 확대하려니 안 되는게 불편합니다. 글씨 있는 칸?? 그건 확대 축소가 가능한데 사진보려고 스크롤 올렸다 내렸다 반복하면서 확대 축소 하기 불편해요 요것도 원래 안 그랬는데 언제부턴가 이러네요.."
212,Google 사용자,1개,2018년 11월 18일,하아~! 이런 개뭐같은 구매시스템이 다있나 MD가 3단으로 돌아가신거같은데 하라는대로 다 했는데 돈은 있는데 결제를 모다네~ 그래서 더러워서 휴대폰 결제로 했다 님들아 저처럼 30분 뻘짓하지마시고 그냥 휴대폰결제로 주민등록번호 몇번입력하시면 뭐 앱 이것저것깔필요없이도 훨씬 더더 간편하게 결제하실수있수무니다 ><
213,갱생,4개,2021년 7월 26일,잘 사용하고 있습니다만 딱 하나만 부탁드리고 싶습니다. [코디] 페이지에서 코디맵에 하트나 즐겨찾기를 눌러 해당 코디를 쉽게 되찾아볼 수 있는 기능을 추가해주셨으면 합니다. 좋은 서비스에 항상 감사드립니다.
214,노현숙,5개,2024년 3월 23일,좋은제품이 많아서 자주 이용해요
215,반디불,1개,2024년 1월 28일,즉시할인 짜증난다... 카드 발급해야...그럼 낚시좀 하지말길...어휴
216,김민옥,5개,2024년 3월 28일,배송도 빠르고 좋아요
217,요나씨,1개,2024년 4월 3일,사이즈 비교시 카테고리에 맞게 보여주세요. ex) 후드티 비교시 후드티만 보이게
218,김현우,5개,2024년 3월 24일,최고의 패션플랫폼
219,forest포레스트런,5개,2024년 2월 19일,애들이 왜 무신사가서 옷사는지 알거같네요. 마음에드는 옷들이 많아요. 배송도빠륵ᆢ
220,박멸치,5개,2020년 5월 31일,"『 aaaa7 』ㅊㅜ천 인입니당 잘 사용하고 있어요. 상품설명이 잘 되어 있고, 결제수단이 여러가지라서 좋아요 그리고 아주 편리합니다. 특히 장바구니에 담은후 품절되는 수도 있는데 물건이 품절되면 다시 재입고되고 알아서 좋습니다. 배송도 만족하구 옷들도 다 만족이에요. 반품같은 것도 후처리 빨라서 좋구요. 신사때문에 좋은 제품들 빠르게 만나서 확실히 편해요. 쿠폰도 잘 주시고요~~ 더 좋은 제품 많이 선보여 주세용. 다른 마켓쇼핑몰에비해 top 이네요^^"
221,하리,5개,2024년 4월 2일,싸고 빠르고 좋아요
222,수졈,1개,2024년 3월 20일,24.03.20 3시 반쯤부터 2시간째 앱 접속이 안 됨 업데이트해도 안 열림ㄹㅈㄷ +) 3시간 지난 지금 삭제 후 재설치해도 안열림 403 forbidden
223,ᄆᄆᄅᄃ,5개,2024년 2월 23일,무신사에서 쿠폰적용해서 엄청 저렴하게 샀습니다. 최고인듯해요
224,Google 사용자,4개,2020년 3월 14일,쇼핑할 때 잘 사용하고 있습니다 그런데 좋아요 눌러 놓은 상품들 정렬창에서 인기순으로도 정렬되게 해줬으면 좋겠습니다 그리고 품절 상품은 투명하게 나온다던지 기존 상품들과 다르게 표시되면 편할 것 같아요!
225,이혜미,5개,2023년 11월 19일,배송도 생각보다 빠르고 앱 사용도 편리하고 좋아요
226,구구구구,1개,2021년 12월 5일,"환불 시스템에 버그가 있는건지, 배송비 발생 안되는 환불이었는데 발생.. 문의 세번만에 환불받음.. 제품 가격대는 높은 편인데 서비스는 그만큼은 아닌거 같아서 그러네요. 그리고 사이즈추천은 왜 한사이즈 작게 하는지 모르겠음. 품절 한번 됬던 옷이라 급하게 사느라 추천하는대로 샀더니, 허리가 작아서 숨을 못쉬겠는거임. 성급하게 구매확정도해서 환불도 안됨.--여기서 옷을 지금까지 30만원어치 좀 넘게 사본거 같은데 100% 만족한 적도 한번도 없음. 대체로 가격에비해 별로임."
227,Google 사용자,1개,2018년 10월 2일,앱 업데이트가 왜 이렇게 된거죠?? 마이페이지가 오른쪽 하단으로 내려간 것도 불만인데 문제는 가독성이 너무 떨어집니다. 전체적으로 겉멋만 번지르르하고 사용자 편의성은 최악입니다. 업데이트 전에 경영진에서 사전검토 안하나요?? 앱 평가 태어나서 처음 남길정도로 최악의 업데이트입니다..다시 뜯어고치시길
228,이에낀게껍질,5개,2023년 11월 27일,피드백 부터 판매까지 잘하시는 것 같아요. 상품도 보기 좋게 잘 나열해두셨구요
229,팍에이스,5개,2024년 2월 25일,이벤트도 너무마음에들고 좋은상품들도많네요
230,Google 사용자,3개,2018년 11월 23일,아니 연예인 콘서트같은거 한번열면 서버터져서 난리인데 옷행사 심지어 99퍼까지 행사하는 이벤트를 열었는데 서버가 터졌다고 찡찡대며 별점테러? 콘서트 티켓같은거 예매할때마다 인터파크한테 서버늘리라고 따지는거랑 뭐가틀린거죠? 애초에 이벤트 하나때문에 서버 증설하는게 말이됩니까;; 서버 유지비 얼마나 되는지 알고나 하는 소리신지? 그리고 저도 12시 반정도에 접속 성공해서 득템할거 다얻었는데 애초에 할인 겁나쎄고 누가봐도 겁나이쁜 물품 득템할 생각이 있었으면 상식적으로 폰으로 접속을 하면 안되는거 아니냐
231,도란,2개,2021년 6월 26일,"떨어진 이미지와 점점 잡다해지는 UI와 기능, 개선되지않는 트래픽 문제 나름 2년 가까이 사용해 오고있었지만 이젠 그만 다른 플랫폼으로 대체할 때가 되었군요 그동안 그래도 잘 사용했습니다~"
232,형민,5개,2024년 2월 21일,배달이 쪼까 늦는거 빼고는 너무 좋네
233,정원규,5개,2024년 2월 4일,간편하고 원하는 다양한제품이있어요
234,권효신,5개,2023년 11월 20일,배달이 늦게 오는 거 빼고는 옷 종류도 많고 좋아요.그리고 빅세일을 많이 해서 좋아요.
235,Google 사용자,1개,2020년 4월 6일,우신사 한 번 잘못 눌렀다가 계속 메인 페이지가 우신사로 노출되고 있어서 삭제 뒤 재설치 중입니다. 대체 왜 자동설정을 적용시켜 두셨는지 개발자분들을 이해할 수가 없습니다ㅋㅋㅋ우신사를 이용하고자 하는 고객들의 편의를 고려했다기엔... 영 잘못 짚은 듯. 여자도 무신사에서 옷 삽니다.
236,전시우,5개,2023년 12월 15일,이번에 처음으로 무신사에서 구매를 해 봤는데요. 모든 물건에 대해 긍정적인 평가가 많아서 좋았고요. 구매 방법도 쉽고 간편해서 좋았습니다^^
237,선도반장,4개,2023년 11월 21일,ui가 불편한점이 좀 있고 가독성이 좀 떨어지긴 하는데 서비스 자체는 만족합니다
238,shido kim,3개,2023년 12월 4일,세일에 기준이 없음 오늘 세일 많이 해서 사면 몇일뒤 더 세일해서 팜 속은 느낌이 강하게 난다 할거면 세일 기간이라도 명시해주지 거의 복불복게임 급으로 눈에 불을 키고 언제가 제일 저렴한지 봐야됨
239,정진!!,5개,2024년 2월 8일,옷 편하게 잘 살 수 있어서 너무 좋습니다 ㅎㅎ
240,dk l,2개,2023년 3월 15일,렉이 너무 심하네요 가격설정의 경우 적용해서 보면 바로 가격 설정이 취소되며 새로고침됩니다. 이거 말고도 렉이 너무 많고 너무 느려요. 비슷한 다른 어플들이랑 비교됩니다.
241,조현숙,1개,2021년 7월 24일,"뭔가 잡다하고 조잡스러워졌음... TV,골프,매거진 같은걸 메인에 놓고 무신사페이와 현대카드도 또 따로 빼놓고.. 기획전같은걸 세일에 한번에 다 몰아놓고, 쓸데없이 좋아요 눌러놓은 상품들 바로 볼 수 있는 버튼을 snap으로 바꿔서 궁금하지도 않은 무신사 크루 보여주고 번거롭게 한번 더 눌러서 내가 좋다고 표시한 상품을 봐야함. 그리고 모든 페이지가 걍 다 광고처럼 보이는 애들만 나열되어있고 예전처럼 추천에 올라오는 것들도 다 광고같음... 쌓여있는 포인트들만 후딱 쓰고 그냥 다른데로 갈아타야겠음"
242,Google 사용자,5개,2024년 3월 6일,아이바지 잘샀네요 아이도 저도 맘에쏘옥듭니다.
243,Bro Y,1개,2021년 5월 5일,"본인들의 강점이 뭐였는지 전혀 인지하지 못했던 회사로 기억될거 같습니다. 본의였든 아니든 한번은 실수일 수 있지만, 두번은 대중들에게 실수로 받아들여지기 어려울겁니다. 두 번의 쓰레기같은 의사결정에 대한 회사 내부의 자정작용과 함께 그 결과가 외부에 투명하게 공개되지 않으면 떠난 분들은 아마 다시 돌아오지 않을겁니다. 대체재가 많은 분야 특성상에서도요. 하지만 이 글에 대한 댓글도 결국 복붙으로 처리하시겠죠. 현재 모습을 보면, 좋은 의류 브랜드/사이트로 남을 수 있었던 과거 모습들이 참 아쉽네요."
244,김기웅,4개,2021년 4월 11일,"가성비 좋은 무탠다드가 있는 곳이자, 이용자 체헝별로 선호하는 사이즈를 볼 수 있어서 고민하는 시간을 아껴서 좋았습니다. 인터페이스가 전체적으로 깔끔하고 결제나 할인 같은 시스템이 편하고 깔끔하기 볼 수 있도록 디자인 되어 있어서 미형적인 부분도 만족했습니다."
245,별빛starlight,5개,2024년 2월 15일,가격도 싸지만 품질이 좋아요
246,Kimbg Kim,5개,2024년 3월 16일,작당한 가격에 입을옷이 많내요~
247,Kyung Sung Lee,5개,2024년 4월 1일,좋은 품질 좋은 가격 더이상 뭐?
248,강형구,1개,2024년 4월 3일,광고좀 적당히 떠라;
249,노은영,4개,2024년 3월 20일,화면이 어려움 복잡
250,아린맘,1개,2024년 3월 21일,재고확인하고 교환 신청했더니 1주일지나서 재고 없다며 강제 환불조취하더니 배송비는 6000원 받아감 ㅋㅋㅋ (환불 배송비는 3000원임) 어이없어서 글남기니 무능한 담당자가 교환/환불 배송비는 6000원이라고 답변함
251,Juhee Yoo,1개,2024년 3월 27일,업데이트 오류 있는 듯
252,Gyuhyeon Jeon,3개,2024년 3월 29일,접속할때마다 로그아웃 되어 있습니다
253,김준영,4개,2023년 10월 27일,옷들도 예쁘고 내가 원하는것도 많아 구매하여 코디 또한 모델들 보면서 할수있어 좋음
254,김상범,5개,2024년 3월 27일,너무 좋아요! 덕분에 신발 싸게 구매했습니다! 감사합니다. 무신사!
255,나는나,5개,2024년 3월 19일,힙해서 좋네요. 옷이랑 신발 무조건 여기서사욤. 비교도되고. 다자인도개성있어서 좋아요~~
256,jy KIM,5개,2024년 3월 15일,다양하고 예쁜 상품들이 많다.
257,홍씨,5개,2024년 3월 22일,쿠폰 받을때 검색기능이 있었음 좋겠어요
258,이현민,5개,2024년 3월 24일,이용하기 아주 편리합니다
259,김진주,5개,2024년 3월 30일,다른건 다 좋은데 ui/ux가 너무 불편합니다
260,Google 사용자,2개,2019년 10월 27일,"알림으로 오는 기획전 (니트기획전 등등)볼 때 한 제품 보고 나오면 봤던 제품, 위치에 없고 맨 아래로 내려가져있어서 하나 볼때마다 다시 올라가서 찾아야해서 넘 불편해요. 뿐만아니라 좋아요한 상품들도 하나보고 다시 나올때도 좋아요 목록이 아니라 딴 페이지가 떠요."
261,김나은,4개,2020년 9월 28일,정품제품만 팔아서 정말 좋아요! 하지만 환불을 하려고했는데 연락이 잘 되지 않아서 결국 신청은 됐는데 택배사에서 가져가시지를 않으셔서 겨우 무신사에 문의했는데 소통이 조금 번거롭더라구요.. 그래서 별 하나 뺐습니다! 그래도 좋은 앱이라고 생각해요! 다른 곳보다 혜택이 많아 더 저렴하게 구매할 수 있었어요!!♡
262,Google 사용자,5개,2019년 7월 4일,무신사하게된뒤로 항상 여기서만 사게되고 딴데서는 못사겠네요...ㅜㅜ 근데 살짝 개선되면 좋을것 같은게 있어요. 후기종류중에 옷을 입은 부분만 사진에 나오고 키랑 몸무게적는게 새로생겼으면 좋겠어요. 스타일 후기가 그 옷을 활용한 코디를 공유하기 위한 목적으로 머리부터 발끝까지 다 나오는거잖아요. 근데 저는 그냥 '어느정도 키 몸무게의 사람이 이사이즈에서 이런 핏이구나' 정도가 궁금하니까 사이즈 키 몸무게 적고 사진에는 옷을 입고 입은 부분만 다 나오는 후기가 새로 생겼으면 젛겠습니당!
263,쭈낚,3개,2020년 10월 10일,인터페이스에서는 굳이 단점이 없는거 같아요. 무난무난하니 데스크탑 홈페이지보다 비교적 간결함 그치만 로딩속도가 너무느리고 렉이 심해요ㅠㅠ
264,도드리,5개,2022년 9월 28일,"이번 리뉴얼 이후로 앱이 바뀌었는데, 예전에 있던 업데이트 목록은 있었으면 좋겠어요 새로운 제품이 올라올때 어떤 브랜드 신상품이 나오는지 볼 수 있어서 좋았는데 , 지금은 없어졌는지 다른곳에 있는지 찾기가 어렵네요 ㅠㅠ 브랜드마다 신상출시시 제품확인할 수 있는 창이 있으면 좋겠어요 . !!!!!!!"
265,정현호,1개,2024년 3월 27일,업데이트했는데도 자꾸 업데이트하라고 뜨네
266,정효은,5개,2023년 11월 8일,빠른 배송 좋은 제품😘 왜 이제야 여길 알았나 후회중ㅜ 넘나 잘 이용하고 있습니당
267,김정국,5개,2024년 1월 24일,종류가 많고 설명이 좋음
268,김지은,5개,2023년 12월 4일,첫구매 할인쿠폰과 첫구매 쿠폰으로 예쁜 옷 저렴하게 샀어요. 적립금까지 쓸 수 있어 계속 쇼핑하게 되네요.
269,앵우,2개,2022년 5월 20일,리뷰 사진 보고 나올때마다 초기화되는거나 보유쿠폰들중에 개인브랜드류 제외해주는 필터기능이나 사용하다보면 이래저래 불편한 점들이 꽤 보이는데 개발자분들은 어플을 사용 안하시는건지 오랫동안 1등 도메쇼핑몰을 유지하는 어플치곤 업데이트 및 개선이 잘 되는거같지는 않다.
270,Google 사용자,1개,2020년 4월 3일,"어제까지 무신사로 잘 들어가지다가 오늘 어느 순간 어플 켰더니 멋대로 우신사로 들어가지더니 그 뒤로는 아무리 무신사 눌러도 1초동안 무신사 로딩되다가 바로 우신사로 연결됩니다. 우신사 버튼을 누르지도 않았는데 우신사만 뜨고, 아무리 무신사 눌러도 계속 우신사만 떠요. 어플 삭제하고 다시 깔아봐도 로그인하면 바로 우신사가 뜨고 이게 반복됩니다. 매우 불편하네요. 수정해주세요."
271,ᄋᄋ,3개,2023년 12월 24일,실측 사이즈 필터있는게 너무 편했는데 왜 없어졌나요 다시 생겼음 좋겠네요
272,arose axl,5개,2024년 2월 19일,여러가지 옷을 비교하며 살수 있어 좋습니다.^^
273,Google 사용자,5개,2019년 7월 25일,( 00777)츄 천인 입~력 이번에도 잔뜩 질렀습니당! 브랜드 옷도 할인 많이해서 너무 좋아요^^ 특히 배송 무료배송이라는 점이 너무나도 좋아요. 다른 비슷한 어플 많은데 어플 디자인이 깔끔하고 군더더기 없어서 좋습니다 !! 좋은 품질과 친절한 서비스에 더욱 투자를 했으면 좋겠습니다 앞으로도 좋은제품 많이 보여주시길!^^이벤트도 다양해서 좋네요!!!!^^수고하세요~
274,해일 youtube,5개,2023년 11월 18일,가격 합리적이고 디자인 맘에들고 특히나 세일 많이 해서 좋아요
275,Google 사용자,5개,2019년 8월 31일,ㅊㅜ 천이ㄴ: aaaa7 다 좋은데 기능적인 면에서 추가되면 좋겠다 싶은 것 중에 대분류나 소분류 중에서 '제외'할 수 있는 기능이 추가됬으면 좋겠네요. 예를 들어서 '상의' 중 '반팔티셔츠'를 제외하고 검색할 수 있게끔 한다던가요!
276,유니,4개,2022년 12월 9일,"처음엔 이해하기 힘들었지만,볼수록 가능한 이벤트와 원하는상품을 바로 볼수있다는것과 예상가격 예측가능하다에 전 만족합니다 하나, 체험단에대한 문자연락은 주시면 안되나요? 전 매번 잊어버리게되서 기회를 놓치니 너무 아까와요 ㅠㅠ 대시라도 하고싶은데말예요 저한테라도 체험단소식 알려주셔요 👍😁💦🔊🔊"
277,펀치펭귄,1개,2021년 5월 3일,지금까지 여러번 논란이 있었다는거 아실겁니다. 그래도 사용하기 좋은 사이트였고 꾸준히 발전해나가는 기업이었기에 앞으로 개선이 될거라고 생각하고 이용해왔습니다. 그러나 오랜기간동안 유의미한 변화는 보이지 않고 앞으로도 변화될거라는 기대가 사그라졌습니다. 그렇기에 무신사가 앞으로 어떻게 발전하고 변화할지는 알 수가 없으나 그래도 일말의 애정을 가지고 있는 입장에서 보자면 주 이용자들이 원하는 방향으로 개선이 되지 않는다면 주 이용자들이 떠나게 될 수 밖에 없다는 것을 알아주시길 바랍니다. 지금까지 잘 이용했습니다.
278,강남혁,5개,2023년 11월 24일,맘에드는 물건 찾기도 편하고 등급별 할인도 나름 쏠쏠하네요 추천드려요
279,유홍주,2개,2023년 2월 1일,수요가 높은 신발을 구매했는데 재고소진이 되었음에도 불구하고 정보창에는 재고가 남아있어 구매가능한 상태로 확인됨 신발을 구매했더니 5일째 출고처리중에서 멈춤. 뭔가 이상해서 1대1 문의를 했더니 그제서야 재고소진으로 취소를 해야한다고 알림. 잠깐사이 재고가 소진될 정도로 수요가 높은수준이면 비슷한 상황의 구매자도 있을법한데 이를 구매자로부터 문의를 받기 전에 공지하지 않고 후에 문의를 직접해야 문제를 알려줌. 물론 담당브랜드와의 연락이 필요하다는 것과 사전에 일일이 확인이 어렵다는것은 이해하지만 이건 좀 아닌듯. 실망ㅠ
280,김민희,3개,2022년 11월 3일,"다 좋은데..정말 다 괜찮은데..상세보기나 결제,쿠폰,후기 등..누를 때마다 오류 창이 계속 떠서 많이 불편해요..특히 결제할 때마다 계속 껏다키고 해도 고쳐지지 않고 결제만 하는데 10분 이상 걸리네요..ㅠㅠ"
281,YH LEE,1개,2021년 5월 5일,예전부터 좋은품질에 합리적인 가격때문에 많이이용했었는데 어느순간부터 황금보세가 유명브랜드처럼 가격을받고 품질은 유니클로 무인양품보다 못한 상품들이 많아 이용을 잘 안하게됐었습니다. 그런데 이번 메갈사태 대처하는 모습을보고 주 구매층이 누군지도 파악을 못하는 것 같은데다 이용자에게 훈계질까지 하는거보면 이제 놓아줄때가 된것 같네요
282,한성현,1개,2020년 9월 28일,상품 교환 신청했는데 색상변경 바 없어서 상세내용에 색상교환 썼는데 상세내용칸 내용 반영은 안한다네요 색상변경바라도 쳐 만들어 놓던가 배송비는 배송비대로 쳐 받고;; 5렙찍으면서 느낀건데 인터넷보면 무신사에서파는 제품이랑 동일한데 싸게 파는 곳도 많으니까 다른데 한번 씩 검색하고 이용하세요 여기 상세내용에 자세하게 써도 쳐 안읽으니까 조심하고요
283,Google 사용자,1개,2019년 6월 1일,"무신사는 좋은데 어플은 오늘 상태가 최악이네요.. 예전에 이런 적 없었는데 왜 이런가요ㅠㅠ 잘 쓰고 있었고 장바구니 담아뒀던거 생각나서 결제하려고 다시 들어가니까 계속 네트워크 타령하고, 지웠다가 다시 깔아도 안되길래 나중에 들어가니 아무리 로그인을 해도 로그인 전으로 돌아가버려서 답답하네요ㅠㅠ 어플 지우고 사이트에서 이용해야겠어요"
284,Avril Sohn,3개,2022년 2월 13일,주변에서 무신사 이야기를 워낙 많이 듣고 광고도 여러번 봐서 어플 설치 후 구매도 꽤 많이 하고 한달동안 어플을 사용해봤는데요. 장점은 많은 브랜드를 모아놓고 각 브랜드별 특성 중 내 취향에 맞게 골라 입을 수 있다는 겁니다. 그런데 어플이 뛰어나게 우수한 점은 못 찾더라도 이만하면 괜찮다는 생각은 들지만 이외에 모든 사람이 하는 서비스는 갈 길이 멀었다는 생각을 많이 했습니다. 왜냐하면 고객센터 직원분들이 전반적으로 친절하지 않습니다. 말그대로 친절한 응대도 아니며 상세한 설명도 해주질 않으니 고객 입장에서는 그저 답답했습니다. 굉장히 널리 알려진 쇼핑몰이어서 한껏 기대감에 부풀어 사용하게 된 것이 너무 높은 기준을 갖게 만들어 쇼핑한 결과물과 과정에 제가 더 아쉬움을 느꼈나 싶기도 합니다. 아직은 저는 일반 온라인 브랜드와 백화점 쇼핑을 하고 싶습니다. 쇼핑한 옷들은 맘에 듭니다. 그렇지만 다른 쇼핑몰에서도 찾을 수 있는 수준이기에 이왕이면 좀 더 나은 서비스를 택하고 싶습니다.
285,박경민,5개,2022년 1월 8일,잘 사용하고 있습니다 무신사 애자로서 2가지 건의사항이 있는데요 1. 다른 컬러는 어떠신가요에 색상기입해주세요 어두운색은 클릭해서 확대사진을 봐야만 확인가능하네요 그리고 색상순번은 고정이었음 하네요 다른 색상 클릭하면 순서가 바뀌어서 어두운 색 확인하기가 더 힘들어요 2. 무게감말고 실제 무게정보와 타제품과 비교정보 등도 있었음 합니다
286,Woodstock,4개,2022년 12월 20일,"19~20년도쯤의 무신사 어플이 진짜 딱 깔끔하고 필요한 기능만 있어서 좋았는데, 최근에 사업 확장하면서 어플에 별의별 기능들이 다 들어간 느낌이라 조잡스러워요(마치 카카오톡처럼..) 그리고 기분탓인지는 모르겠지만 어플도 전보다 더 버벅거려요 ㅠ 그래서 요즘엔 잘 들어가지 않게 되네요.. 무신사 좋아했던 사람으로서 넘 아쉬워서 리뷰 남겨요 ㅠ"
287,황영현,3개,2023년 6월 28일,앱이 너무 무겁고 느림. 무신사라이브를 넣지를 않나 이러면 점점느려질듯. 쓸모없거나 거의 이용안하는 메뉴는 과감히 정리하고 앱을 더 가볍게 만드는걸 제안합니다.
288,임중섭,1개,2020년 9월 20일,오... 옷 보러 들어가는 어플인데 옷볼려면 화면을 2개는 이동해야 하는게 놀랍네요. 첫 뜨는 화면엔 옷 랭킹 제외하면 옷 구매나 상품 리스트 관련된곤 없다고 봐도 무방할 정도네요. 가장 중요한 첫 화면을 쓸데없는 걸로 가아아아아아득 채워놓고 정작 어플 목적에 해당하는 옷 구매는 구석바리에 박혀있는 아름다운 어플이군요.. 제 인생 처음으로 어플 사용을 위해 사용법 찾으러 앱 마켓까지 흘러들어 왔네요
289,Google 사용자,1개,2019년 6월 1일,네트워크에 접속을 할 수가 없다면서 계속 안되네요 ㅋㅋㅋㅋㅋ 진짜 완전 화나 죽을거 같은데 어떻게 생각하시나요? 좀 고쳐주세요. 안정화를 진행하셨다면서 업데이트 해도 똑같습니까? 삭제했다가 다시 깔아도 똑같고 폰을 껐다켜봐도 똑같잖아요;; 빨리 좀 고쳐주세요. 옷을 사려했는데 ㄹㅇ 스트레스만 받고 갑니다
290,GloryK,1개,2021년 5월 4일,"이제 곧 여성 전용 쇼핑앱으로의 전환을 준비 중인 것 같아 떠납니다. 다만 미리 언질이라도 주셨으면 소비자로서도 준비를 할 수 있었을 텐데, 뒤에서 여성회원 쿠폰만 뿌리고 자기들만의 은밀한 제스쳐를 사용하면서 몰래 진행하다가 들키신 부분은 너무 아쉽습니다. 그래도 옛 정에 별을 더 드리고 싶었는데 엄지와 검지로는 하나밖에 안 집어져서 어쩔 수 없이 한 개만 드립니다. 진짜니까 오해 마세요."
291,김수민,2개,2022년 4월 21일,"2~3년전 버전이 훨 좋음. 가끔 오류가 나서 열리지 않거나, 하단의 메뉴가 계속 중앙에 자리잡으며 내려가지않는 오류가 날 때도 있었음. 너무 과한 UI, 갈수록 모바일 게임마냥 방대해지는 소모 용량...무지 신발이 많은 사이트가 아니라 무지 용량크고 신선하고싶은 사이트인 듯"
292,허무진,5개,2022년 6월 8일,"무신사 어플은 제게 백화점 같은 어플입니다. 멀리 가지 않아도 어느곳에서나 옷과 신발을 쇼핑할 수 있는 편리함이 매우 편한 것 같습니다. 다만 입어볼 수 없기 때문에 그점이 조금 불편할 수 있는데, 실측 사이즈나 모델의 착용사진을 통해 제가 시켜야할 사이즈를 유추할 수 있고, 제 몸에 맞지 않더라도 반품을 쉽게 할 수 있기 때문에 굉장히 좋습니다. 다른앱들은 오류나 버벅임도 많은데 무신사는 오류나 버벅임도 굉장히 적은편입니다. 옷을 사기위해 고민하시는 분들은 한번쯤 무신사 앱을 사용해보시는 것도 좋다고 생각합니다."
293,임영진,2개,2022년 10월 6일,일단 조금은 비합리한 부분이 있음 널디문제인지 무신사문제인지 모르겠지만 구매하면 입금확인 후 출고 준비중 상태가 되는데 출고 준비중일때 주문을 취소할 수 없음 그래서 입금확인때 취소를 해야하는데 이게 오토인거 같음 그래서 주문하자마자 출고 준비중으로 넘어감 그래서 나중에 환불하면 결국 5000원을 내야함 이걸 조금 노리고 만든 시스템인거 같아서 별로였음
294,이승민,1개,2023년 2월 27일,"진짜 시스템 서비스 최악인 것 같아요. 별 하나도 아깝습니다. 처음에 하자 있는 제품을 보내와서 문의 사항 남겼는데 답신이 3일, 4일 지나도 안 와서 브랜드 측에 직접 전화해서 문의 드렸습니다. 그 후 새제품 보내주시기로 했는데 이번에는 사이즈를 완전 작은걸로 보내셔서 또 못 받고... 한정판 제품이었는데 저보다 늦게 구매하신 분은 제품 받고 저는 제품 받지도 못하고 이제 구하지도 못하네요 ^^ 진짜 시스템 똑바로 갖추시거나 제대로 확인좀 해주세요. 아니면 브랜드 측에 제대로 요청사항 전달 해주시던가요. 제가 처음으로 이건 꼭 갖고싶다해서 구매했던 제품이었는데 참... 할말이 없네요."
295,김구봉구,5개,2022년 5월 30일,마이페이지에 옷장 카테고리를 만들어서제가 찾은 아이템들을 머리부터 발끝까지 하나의 코디로 직접 조합해서 저장할수 있는 기능이 있으면 좋겠습니다. 옛날에 옷입히기 게임 하듯이 옷을 직접 조합하는 재미도 있고 따로따로 사는것보다 한꺼번에 코디 맞춰서 사려는 생각때문에 조금더 사용자들이 구매욕구가 생기지 않을까 싶습니다. 그리고 무신사에서 올려주는 코디도 옷장에 저장할수 있게되면 좋을것 같습니다.
296,Google 사용자,1개,2019년 12월 1일,진짜 쓰레기같이 운영하네요 블프데이 이런 대형 이벤트를하면 서버관리를 해야지 응모도 안되고 네트워크 잘 연결되있는데 네트워크 접속안됐다고 뜨고; 로그인조차도 안되는데 이딴식으로 관리할거면 왜 업데이트를 하는건지도 모르겠네요 진짜 갈수록 사용하기싫어집니다ㅎㅎ ;
297,윤창현,1개,2022년 11월 23일,"이렇게 최악인 온라인 쇼핑몰은 처음입니다. 교환, 환불이 지나치게 오래걸립니다. 가져간 옷을 가져간 지 4일이 되었는데 아무런 연락, 표시도 없이 그냥 입금된 상태라고만 뜨고 기약없이 그냥 오래 기다리게만 했습니다 그래서 1:1문의로 질문했는데 이것도 2일동안 답변이 없습니다. 진짜 고객관리 서비스 이런식으로 해놓을 거였으면 왜 만드신 거죠? 진짜 일부러 사람들 화병나서 죽게 만드려나 하는 생각까지 하게 됩니다."
298,로수,4개,2020년 10월 11일,너무 좋고 쇼핑앱 중 가장 잘 쓰고 있는 앱이에요. 그런데 스타일 후기를 쓰다보니 옛날 것들은 좀 구려서 수정해서 사진을 바꾸고 싶을 때가 있는데 후기글은 수정이 아예 안되네요... 어떻게 안될까요? +옷 중에 쿠폰 적용이 안되는 경우가 있는데 그것을 확인할 때 좀 번거로워요 이것도 좀 고쳐주시면 좋겠습니다
299,IAM IAN,5개,2020년 9월 26일,자동으로 쿠폰이 채워져있기 때문에 할인 쿠폰을 몰라서 못 쓰는 경우는 없어요 그리고 적립금도 굉장히 많이 줍니다 약간 아쉬운 점이 있다면 예쁘게 올린 후기 사진보다 무신사에서 정해놓은 틀에 맞춰진 후기여야 적립금을 주기 때문에 스타일 후기를 볼 때 정확한 정보를 얻기가 어려워요..ㅠ (너무 좋은 상품은 예쁘게 인증해서 다들 알려주고 싶은데 적립금을 받으려면 그렇게 하지 못한다는게 정말 아쉬워요) 그것말고는 정말 좋습니다. 제 주변 사람들에게도 다 홍보해서 제 주변은 다 이 어플 씁니다~ :-)
